mission_profile,rank,faction_id,ship_count,avg_total_value_fe,avg_liquid_fe,avg_material_value_fe,avg_intangible_value_fe,avg_destroyed_total_value_fe,avg_extracted_total_value_fe,avg_craft_full_eff_fe,avg_craft_raw_fe,avg_buy_estimate_fe,avg_craft_payback_sorties,avg_buy_payback_sorties,avg_craft_total_value_payback_sorties,avg_buy_total_value_payback_sorties,avg_craft_lifetimes_to_payback,avg_buy_lifetimes_to_payback,median_craft_payback_sorties,median_buy_payback_sorties,median_craft_total_value_payback_sorties,median_buy_total_value_payback_sorties
danger,2,capital,11,1353059.49,654278.78,131313.69,610872.90,610872.90,1353059.49,6987.27,13974.55,9083.45,0.01,0.02,0.01,0.01,0.00,0.00,0.01,0.02,0.01,0.01
danger,2,devourers,8,938121.55,497091.62,142194.23,397963.66,397963.66,938121.55,6951.25,13902.50,9036.62,0.02,0.02,0.01,0.01,0.00,0.00,0.02,0.02,0.01,0.01
danger,2,factory_ark,8,1005272.76,567408.65,165152.46,420060.15,420060.15,1005272.76,6735.00,13470.00,8755.50,0.02,0.02,0.01,0.01,0.00,0.00,0.01,0.02,0.01,0.01
danger,2,mist_synod,8,1220590.77,591015.31,118681.53,550954.62,550954.62,1220590.77,6982.50,13965.00,9077.25,0.01,0.02,0.01,0.01,0.00,0.00,0.01,0.02,0.01,0.01
danger,2,stone_vault,7,701585.16,454925.55,177591.99,261996.59,261996.59,701585.16,7038.57,14077.14,9150.14,0.06,0.08,0.03,0.04,0.01,0.01,0.02,0.03,0.01,0.01
danger,2,wind_houses,9,1213287.19,568303.64,112554.64,550366.27,550366.27,1213287.19,7088.89,14177.78,9215.56,0.04,0.04,0.01,0.02,0.00,0.00,0.01,0.02,0.01,0.01
danger,3,capital,11,1870650.00,948916.10,194074.89,838287.56,838287.56,1870650.00,17528.18,35056.36,26292.27,0.02,0.04,0.01,0.02,0.00,0.00,0.02,0.03,0.01,0.01
danger,3,devourers,8,1505436.23,920872.89,353731.32,575852.45,575852.45,1505436.23,17876.25,35752.50,26814.38,0.02,0.04,0.01,0.02,0.00,0.00,0.02,0.04,0.01,0.02
danger,3,factory_ark,8,1472409.29,848414.92,269096.54,601656.38,601656.38,1472409.29,18193.75,36387.50,27290.62,0.03,0.04,0.01,0.02,0.00,0.00,0.03,0.04,0.01,0.02
danger,3,mist_synod,8,1731008.65,930230.72,294769.73,718119.46,718119.46,1731008.65,18485.00,36970.00,27727.50,0.02,0.04,0.01,0.02,0.00,0.00,0.02,0.04,0.01,0.02
danger,3,stone_vault,7,1299676.67,875356.14,395410.22,452133.22,452133.22,1299676.67,18297.14,36594.29,27445.71,0.03,0.05,0.02,0.03,0.00,0.00,0.02,0.03,0.01,0.02
danger,3,wind_houses,9,1676535.37,787603.47,156183.20,760176.08,760176.08,1676535.37,18258.89,36517.78,27388.33,0.03,0.04,0.01,0.02,0.00,0.00,0.03,0.04,0.01,0.02
danger,4,capital,11,2376274.60,1323486.11,371225.01,1002524.79,1002524.79,2376274.60,45248.64,175761.82,81447.55,0.04,0.07,0.02,0.04,0.00,0.01,0.03,0.06,0.02,0.03
danger,4,devourers,8,1947248.79,1255725.96,479322.51,733963.14,733963.14,1947248.79,45330.88,175363.50,81595.57,0.05,0.08,0.03,0.05,0.00,0.01,0.03,0.06,0.02,0.04
danger,4,factory_ark,8,1926583.31,1157833.71,513617.34,706482.98,706482.98,1926583.31,45784.00,182226.00,82411.20,0.05,0.09,0.03,0.05,0.01,0.01,0.05,0.08,0.03,0.04
danger,4,mist_synod,8,2168973.57,1306269.14,518332.20,825320.68,825320.68,2168973.57,45976.62,180761.50,82757.93,0.04,0.07,0.02,0.04,0.00,0.01,0.04,0.07,0.02,0.04
danger,4,stone_vault,7,1983487.97,1435858.20,716876.13,633305.92,633305.92,1983487.97,45820.14,175160.57,82476.26,0.04,0.07,0.03,0.04,0.00,0.01,0.03,0.06,0.02,0.04
danger,4,wind_houses,9,2088747.28,1127530.64,317944.72,885401.28,885401.28,2088747.28,45040.00,177155.56,81072.00,0.05,0.09,0.02,0.04,0.00,0.01,0.04,0.07,0.02,0.04
danger,5,capital,11,2656515.26,1438151.03,414788.57,1120863.35,1120863.35,2656515.26,112289.73,443937.09,247037.40,0.08,0.19,0.04,0.10,0.01,0.01,0.08,0.17,0.04,0.09
danger,5,devourers,8,2354017.56,1611222.15,644131.14,854943.21,854943.21,2354017.56,111834.62,437468.50,246036.17,0.07,0.16,0.05,0.11,0.01,0.01,0.07,0.15,0.04,0.10
danger,5,factory_ark,8,2202154.52,1188779.77,562026.31,820064.10,820064.10,2202154.52,110352.00,441408.00,242774.40,0.11,0.24,0.06,0.12,0.01,0.02,0.11,0.26,0.05,0.11
danger,5,mist_synod,8,2519609.63,1465213.57,588584.81,965512.41,965512.41,2519609.63,116033.50,461574.00,255273.70,0.09,0.20,0.05,0.10,0.01,0.02,0.09,0.20,0.04,0.10
danger,5,stone_vault,7,2341475.46,1757168.32,931796.04,704839.71,704839.71,2341475.46,113707.57,443338.86,250156.66,0.07,0.14,0.05,0.11,0.01,0.01,0.06,0.13,0.05,0.10
danger,5,wind_houses,9,2471865.36,1372790.71,387025.95,1042419.71,1042419.71,2471865.36,112237.56,446052.44,246922.62,0.09,0.21,0.05,0.11,0.01,0.02,0.08,0.17,0.04,0.10
danger,6,capital,11,2827647.49,1533679.91,436350.79,1195648.35,1195648.35,2827647.49,280220.64,1761238.91,728573.65,0.20,0.51,0.10,0.26,0.02,0.04,0.20,0.51,0.09,0.24
danger,6,devourers,8,2680927.72,1823067.77,710427.95,985249.89,985249.89,2680927.72,285080.12,1790690.50,741208.32,0.16,0.41,0.11,0.28,0.01,0.04,0.15,0.38,0.10,0.26
danger,6,factory_ark,8,2538733.42,1358085.88,637650.26,950541.58,950541.58,2538733.42,284801.38,1718101.00,740483.58,0.24,0.62,0.12,0.30,0.02,0.05,0.23,0.59,0.11,0.29
danger,6,mist_synod,8,2682562.01,1529330.05,610651.36,1035955.32,1035955.32,2682562.01,290792.25,1840627.00,756059.85,0.20,0.53,0.11,0.29,0.02,0.04,0.22,0.56,0.11,0.28
danger,6,stone_vault,7,2550784.65,1892974.28,963285.37,793749.64,793749.64,2550784.65,290628.57,1860501.71,755634.29,0.15,0.40,0.12,0.30,0.01,0.03,0.15,0.38,0.12,0.30
danger,6,wind_houses,9,2552263.29,1605404.40,553812.98,999225.16,999225.16,2552263.29,291848.33,1795562.22,758805.67,0.22,0.57,0.12,0.32,0.02,0.05,0.17,0.44,0.12,0.31
danger,7,capital,11,3017215.18,1662874.79,473486.37,1271864.40,1271864.40,3017215.18,714154.45,4495130.91,2285294.25,0.45,1.44,0.24,0.77,0.04,0.12,0.43,1.37,0.22,0.71
danger,7,devourers,8,2887502.62,1963036.76,769127.67,1059187.48,1059187.48,2887502.62,718398.25,4539596.00,2298874.40,0.37,1.18,0.25,0.79,0.03,0.10,0.34,1.10,0.23,0.74
danger,7,factory_ark,8,2746051.29,1463448.22,685215.95,1030417.67,1030417.67,2746051.29,721529.50,4344585.00,2308894.40,0.55,1.75,0.27,0.84,0.05,0.15,0.53,1.71,0.26,0.83
danger,7,mist_synod,8,2890549.82,1723568.01,767374.45,1061587.68,1061587.68,2890549.82,756216.62,4821209.00,2419893.20,0.46,1.46,0.27,0.85,0.04,0.12,0.46,1.47,0.26,0.81
danger,7,stone_vault,7,2537586.76,1791257.85,828448.59,854569.08,854569.08,2537586.76,709531.29,4594896.57,2270500.11,0.43,1.38,0.28,0.91,0.04,0.12,0.36,1.15,0.29,0.92
danger,7,wind_houses,9,2819330.47,1800848.60,607198.28,1106066.09,1106066.09,2819330.47,712999.78,4428031.11,2281599.29,0.41,1.31,0.25,0.81,0.03,0.11,0.38,1.21,0.23,0.72
danger,8,capital,11,3138191.12,1734425.98,499112.28,1319539.42,1319539.42,3138191.12,1869585.73,16222173.09,7104425.76,1.13,4.28,0.60,2.27,0.07,0.28,1.09,4.13,0.56,2.14
danger,8,devourers,8,2939635.03,1986902.31,776389.84,1081622.60,1081622.60,2939635.03,1833741.25,15860469.00,6968216.75,0.92,3.51,0.62,2.37,0.06,0.23,0.85,3.24,0.59,2.25
danger,8,factory_ark,8,2929717.06,1581515.75,743118.09,1093299.49,1093299.49,2929717.06,1884563.62,16047650.00,7161341.78,1.35,5.12,0.65,2.46,0.09,0.34,1.36,5.19,0.66,2.49
danger,8,mist_synod,8,2893330.04,1820669.95,799248.12,1047040.96,1047040.96,2893330.04,1883293.00,16381906.00,7156513.40,1.08,4.09,0.66,2.51,0.07,0.28,0.98,3.70,0.63,2.39
danger,8,stone_vault,7,2769997.11,2051327.78,1035530.25,867233.42,867233.42,2769997.11,1934344.86,16871904.00,7350510.46,0.93,3.52,0.70,2.66,0.06,0.23,0.88,3.34,0.74,2.80
danger,8,wind_houses,9,2918948.51,1671933.30,601728.07,1158610.22,1158610.22,2918948.51,1894379.11,16244475.56,7198640.62,1.24,4.73,0.66,2.51,0.08,0.32,1.00,3.80,0.65,2.46
danger,9,capital,11,3325299.97,1836518.66,522536.48,1401381.74,1401381.74,3325299.97,4673490.55,40767622.55,20563358.40,2.64,11.62,1.41,6.19,0.17,0.78,2.61,11.49,1.31,5.79
danger,9,devourers,8,2983209.70,2141289.90,932498.31,1025355.69,1025355.69,2983209.70,4551410.88,39875218.00,20026207.85,2.09,9.19,1.53,6.75,0.14,0.61,2.03,8.93,1.46,6.45
danger,9,factory_ark,8,3014317.65,1616692.37,755392.00,1129462.82,1129462.82,3014317.65,4577891.12,39297473.00,20142720.95,3.15,13.85,1.52,6.69,0.21,0.92,3.11,13.66,1.44,6.33
danger,9,mist_synod,8,3084778.04,1937494.52,846984.98,1118896.53,1118896.53,3084778.04,4771183.25,41960103.00,20993206.30,2.54,11.19,1.57,6.90,0.17,0.75,2.36,10.39,1.47,6.46
danger,9,stone_vault,7,2800430.16,1951448.74,881293.80,959568.18,959568.18,2800430.16,4634637.57,40780510.86,20392405.31,2.48,10.92,1.68,7.36,0.17,0.73,2.12,9.32,1.73,7.59
danger,9,wind_houses,9,3135966.08,1849939.85,651439.73,1242263.17,1242263.17,3135966.08,4661233.22,40510119.11,20509426.18,2.66,11.73,1.49,6.57,0.18,0.78,2.32,10.19,1.33,5.85
danger,10,capital,11,3353221.12,1924278.54,548125.37,1402547.88,1402547.88,3353221.12,17121702.09,101423322.55,85608510.45,9.39,46.93,5.13,25.66,0.63,3.13,8.78,43.88,4.88,24.38
danger,10,devourers,8,3057834.78,2189482.77,943231.02,1057301.88,1057301.88,3057834.78,17186036.00,102401109.50,85930180.00,7.81,39.05,5.75,28.76,0.52,2.60,7.58,37.92,5.63,28.19
danger,10,factory_ark,8,3080325.01,1667123.99,787402.36,1146461.32,1146461.32,3080325.01,17196839.88,100763130.00,85984199.38,11.79,58.93,5.61,28.06,0.79,3.93,11.10,55.47,5.51,27.55
danger,10,mist_synod,8,3079655.38,1917693.21,831887.61,1123883.89,1123883.89,3079655.38,17241690.00,103289485.50,86208450.00,9.35,46.73,5.75,28.73,0.62,3.12,8.34,41.73,5.23,26.14
danger,10,stone_vault,7,2868168.98,1995814.89,912353.68,977907.65,977907.65,2868168.98,17173140.29,102940647.43,85865701.43,9.02,45.11,6.08,30.38,0.60,3.01,8.03,40.16,6.08,30.41
danger,10,wind_houses,9,3240342.60,1921708.41,685437.36,1277452.62,1277452.62,3240342.60,17180143.33,101288044.89,85900716.67,9.54,47.72,5.33,26.67,0.64,3.18,8.29,41.43,5.02,25.09
elite,2,capital,11,690858.80,345336.42,70230.56,310314.12,310314.12,690858.80,6987.27,13974.55,9083.45,0.06,0.08,0.03,0.04,0.00,0.01,0.02,0.03,0.01,0.01
elite,2,devourers,8,354762.40,200042.14,58175.96,148293.22,148293.22,354762.40,6951.25,13902.50,9036.62,0.10,0.13,0.04,0.06,0.01,0.01,0.06,0.08,0.03,0.04
elite,2,factory_ark,8,467428.05,272402.71,74838.78,196294.64,196294.64,467428.05,6735.00,13470.00,8755.50,0.07,0.10,0.03,0.04,0.01,0.01,0.04,0.06,0.03,0.03
elite,2,mist_synod,8,578006.85,294557.94,60349.43,258828.71,258828.71,578006.85,6982.50,13965.00,9077.25,0.06,0.09,0.03,0.04,0.01,0.01,0.04,0.04,0.01,0.02
elite,2,stone_vault,7,367284.98,246975.44,98098.85,134593.06,134593.06,367284.98,7038.57,14077.14,9150.14,0.11,0.15,0.05,0.07,0.01,0.01,0.10,0.12,0.04,0.05
elite,2,wind_houses,9,601985.56,288998.75,57830.73,272077.42,272077.42,601985.56,7088.89,14177.78,9215.56,0.08,0.10,0.04,0.04,0.01,0.01,0.03,0.04,0.01,0.02
elite,3,capital,11,1145427.33,606223.76,125950.26,509738.54,509738.54,1145427.33,17528.18,35056.36,26292.27,0.13,0.20,0.06,0.09,0.01,0.02,0.03,0.05,0.01,0.02
elite,3,devourers,8,946374.54,592594.74,231751.78,357311.38,357311.38,946374.54,17876.25,35752.50,26814.38,0.04,0.06,0.02,0.03,0.00,0.01,0.04,0.07,0.02,0.03
elite,3,factory_ark,8,940419.34,569443.94,187190.45,376614.45,376614.45,940419.34,18193.75,36387.50,27290.62,0.10,0.15,0.05,0.07,0.01,0.02,0.05,0.07,0.02,0.04
elite,3,mist_synod,8,1062487.22,605101.21,198731.80,431877.71,431877.71,1062487.22,18485.00,36970.00,27727.50,0.09,0.14,0.04,0.06,0.01,0.02,0.04,0.07,0.02,0.03
elite,3,stone_vault,7,818319.35,575293.83,260975.44,278671.96,278671.96,818319.35,18297.14,36594.29,27445.71,0.16,0.24,0.07,0.11,0.01,0.02,0.03,0.05,0.02,0.03
elite,3,wind_houses,9,947297.80,453342.93,90599.22,428349.29,428349.29,947297.80,18258.89,36517.78,27388.33,0.13,0.20,0.05,0.08,0.01,0.02,0.03,0.05,0.01,0.02
elite,4,capital,11,1810332.61,1040822.83,312418.73,748956.94,748956.94,1810332.61,45248.64,175761.82,81447.55,0.05,0.09,0.03,0.05,0.01,0.01,0.05,0.10,0.02,0.04
elite,4,devourers,8,1429318.86,949872.13,376621.78,526348.54,526348.54,1429318.86,45330.88,175363.50,81595.57,0.08,0.15,0.04,0.08,0.01,0.02,0.04,0.08,0.03,0.06
elite,4,factory_ark,8,1527733.09,895649.04,423245.19,552243.95,552243.95,1527733.09,45784.00,182226.00,82411.20,0.17,0.32,0.12,0.21,0.02,0.03,0.05,0.10,0.03,0.06
elite,4,mist_synod,8,1782748.53,1121525.93,470598.66,656074.93,656074.93,1782748.53,45976.62,180761.50,82757.93,0.06,0.10,0.03,0.05,0.01,0.01,0.05,0.10,0.03,0.05
elite,4,stone_vault,7,1628872.80,1197594.54,613252.05,507810.38,507810.38,1628872.80,45820.14,175160.57,82476.26,0.06,0.11,0.04,0.07,0.00,0.01,0.04,0.06,0.03,0.05
elite,4,wind_houses,9,1515282.57,849061.79,244027.58,635627.49,635627.49,1515282.57,45040.00,177155.56,81072.00,0.29,0.52,0.13,0.23,0.03,0.05,0.06,0.11,0.03,0.05
elite,5,capital,11,2384525.07,1341431.42,413549.39,985487.84,985487.84,2384525.07,112289.73,443937.09,247037.40,0.10,0.23,0.05,0.11,0.01,0.02,0.10,0.21,0.04,0.10
elite,5,devourers,8,2054759.04,1432013.28,597054.80,728852.12,728852.12,2054759.04,111834.62,437468.50,246036.17,0.09,0.21,0.06,0.13,0.01,0.02,0.08,0.17,0.06,0.12
elite,5,factory_ark,8,1969838.81,1067963.07,538612.76,715613.03,715613.03,1969838.81,110352.00,441408.00,242774.40,0.16,0.36,0.09,0.19,0.01,0.03,0.15,0.34,0.06,0.13
elite,5,mist_synod,8,2425045.37,1476384.01,630144.90,897450.24,897450.24,2425045.37,116033.50,461574.00,255273.70,0.10,0.23,0.05,0.11,0.01,0.02,0.10,0.22,0.05,0.11
elite,5,stone_vault,7,2243312.36,1698064.68,928200.91,657555.73,657555.73,2243312.36,113707.57,443338.86,250156.66,0.07,0.16,0.05,0.12,0.01,0.01,0.07,0.15,0.05,0.10
elite,5,wind_houses,9,1999965.56,1144839.22,332842.48,833561.54,833561.54,1999965.56,112237.56,446052.44,246922.62,0.39,0.87,0.18,0.39,0.03,0.07,0.09,0.21,0.05,0.12
elite,6,capital,11,2771496.63,1549394.76,462606.35,1154445.14,1154445.14,2771496.63,280220.64,1761238.91,728573.65,0.22,0.57,0.11,0.28,0.02,0.05,0.21,0.54,0.09,0.25
elite,6,devourers,8,2697487.02,1863986.74,748223.68,974631.67,974631.67,2697487.02,285080.12,1790690.50,741208.32,0.17,0.44,0.11,0.29,0.01,0.04,0.16,0.41,0.11,0.27
elite,6,factory_ark,8,2470263.99,1336082.67,652202.27,909030.86,909030.86,2470263.99,284801.38,1718101.00,740483.58,0.28,0.72,0.14,0.35,0.02,0.06,0.29,0.73,0.12,0.31
elite,6,mist_synod,8,2708668.10,1596680.19,683018.47,1012824.82,1012824.82,2708668.10,290792.25,1840627.00,756059.85,0.22,0.57,0.11,0.29,0.02,0.05,0.20,0.53,0.12,0.31
elite,6,stone_vault,7,2607944.69,1960566.97,1046182.01,780881.34,780881.34,2607944.69,290628.57,1860501.71,755634.29,0.15,0.40,0.11,0.29,0.01,0.03,0.14,0.36,0.11,0.28
elite,6,wind_houses,9,2448739.57,1589615.08,577773.22,935483.17,935483.17,2448739.57,291848.33,1795562.22,758805.67,0.96,2.50,0.44,1.14,0.08,0.21,0.17,0.44,0.11,0.28
elite,7,capital,11,3172038.08,1777616.43,523166.38,1324435.85,1324435.85,3172038.08,714154.45,4495130.91,2285294.25,0.44,1.42,0.23,0.74,0.04,0.12,0.40,1.27,0.22,0.71
elite,7,devourers,8,3055485.98,2101170.71,830760.38,1112362.80,1112362.80,3055485.98,718398.25,4539596.00,2298874.40,0.37,1.18,0.24,0.78,0.03,0.10,0.34,1.10,0.23,0.74
elite,7,factory_ark,8,2883634.03,1544498.55,727659.49,1077987.27,1077987.27,2883634.03,721529.50,4344585.00,2308894.40,0.57,1.82,0.28,0.90,0.05,0.15,0.61,1.94,0.23,0.76
elite,7,mist_synod,8,3113697.55,1881661.26,848219.81,1132738.87,1132738.87,3113697.55,756216.62,4821209.00,2419893.20,0.45,1.43,0.26,0.82,0.04,0.12,0.41,1.30,0.26,0.81
elite,7,stone_vault,7,2636476.03,1912265.75,943593.17,846441.43,846441.43,2636476.03,709531.29,4594896.57,2270500.11,0.48,1.55,0.30,0.96,0.04,0.13,0.38,1.22,0.26,0.83
elite,7,wind_houses,9,2931595.91,1905591.28,674498.47,1128548.71,1128548.71,2931595.91,712999.78,4428031.11,2281599.29,0.41,1.30,0.24,0.79,0.03,0.11,0.38,1.21,0.24,0.78
elite,8,capital,11,3425762.39,1919257.06,566704.19,1429529.10,1429529.10,3425762.39,1869585.73,16222173.09,7104425.76,1.07,4.06,0.56,2.12,0.07,0.27,1.00,3.80,0.51,1.95
elite,8,devourers,8,3222699.98,2209388.50,873729.39,1174485.30,1174485.30,3222699.98,1833741.25,15860469.00,6968216.75,0.88,3.35,0.58,2.20,0.06,0.22,0.79,3.00,0.56,2.13
elite,8,factory_ark,8,3157521.23,1705730.06,800909.81,1178305.71,1178305.71,3157521.23,1884563.62,16047650.00,7161341.78,1.36,5.18,0.66,2.51,0.09,0.35,1.27,4.82,0.57,2.18
elite,8,mist_synod,8,3219790.29,2032894.00,895778.27,1162006.01,1162006.01,3219790.29,1883293.00,16381906.00,7156513.40,1.01,3.83,0.61,2.32,0.07,0.25,0.91,3.44,0.58,2.23
elite,8,stone_vault,7,3097863.13,2312013.92,1201656.54,948103.29,948103.29,3097863.13,1934344.86,16871904.00,7350510.46,0.83,3.15,0.62,2.37,0.06,0.21,0.75,2.86,0.61,2.34
elite,8,wind_houses,9,3162482.43,1835699.49,687513.19,1237484.62,1237484.62,3162482.43,1894379.11,16244475.56,7198640.62,1.20,4.57,0.63,2.38,0.08,0.30,1.00,3.80,0.62,2.35
elite,9,capital,11,3680291.14,2056660.40,597835.14,1541228.00,1541228.00,3680291.14,4673490.55,40767622.55,20563358.40,2.45,10.79,1.29,5.67,0.16,0.72,2.39,10.51,1.15,5.05
elite,9,devourers,8,3504222.75,2508608.36,1079264.17,1212479.29,1212479.29,3504222.75,4551410.88,39875218.00,20026207.85,1.78,7.86,1.32,5.79,0.12,0.53,1.69,7.44,1.35,5.92
elite,9,factory_ark,8,3278487.87,1764321.13,826557.04,1225965.41,1225965.41,3278487.87,4577891.12,39297473.00,20142720.95,3.05,13.43,1.48,6.49,0.20,0.90,2.87,12.62,1.36,5.98
elite,9,mist_synod,8,3486017.87,2200115.73,965091.84,1260463.01,1260463.01,3486017.87,4771183.25,41960103.00,20993206.30,2.30,10.13,1.41,6.18,0.15,0.68,2.06,9.04,1.39,6.09
elite,9,stone_vault,7,3108986.21,2209713.29,1030530.53,1039227.84,1039227.84,3108986.21,4634637.57,40780510.86,20392405.31,2.45,10.80,1.57,6.92,0.16,0.72,1.86,8.19,1.48,6.51
elite,9,wind_houses,9,3515986.38,2090257.35,755059.65,1380463.36,1380463.36,3515986.38,4661233.22,40510119.11,20509426.18,2.42,10.66,1.34,5.91,0.16,0.71,2.02,8.87,1.24,5.46
elite,10,capital,11,3883510.26,2280143.09,693789.98,1594860.14,1594860.14,3883510.26,17121702.09,101423322.55,85608510.45,8.41,42.08,4.48,22.41,0.56,2.81,6.68,33.42,4.19,20.93
elite,10,devourers,8,3840348.38,2767053.08,1225036.53,1307655.93,1307655.93,3840348.38,17186036.00,102401109.50,85930180.00,6.18,30.91,4.53,22.63,0.41,2.06,6.13,30.66,4.73,23.68
elite,10,factory_ark,8,3533686.47,1942092.07,943606.07,1295040.20,1295040.20,3533686.47,17196839.88,100763130.00,85984199.38,10.86,54.27,5.12,25.62,0.72,3.62,10.38,51.88,4.81,24.06
elite,10,mist_synod,8,3775136.46,2418707.09,1119489.03,1327823.71,1327823.71,3775136.46,17241690.00,103289485.50,86208450.00,7.84,39.19,4.64,23.21,0.53,2.61,6.40,32.03,4.79,23.95
elite,10,stone_vault,7,3462438.53,2485044.33,1218810.61,1121813.96,1121813.96,3462438.53,17173140.29,102940647.43,85865701.43,8.18,40.91,5.20,25.98,0.55,2.73,6.03,30.14,5.00,25.00
elite,10,wind_houses,9,3818598.07,2309411.03,876547.18,1471025.45,1471025.45,3818598.07,17180143.33,101288044.89,85900716.67,8.37,41.86,4.57,22.84,0.56,2.79,6.47,32.36,4.64,23.20
normal,2,capital,11,1494494.44,710716.11,141662.96,676415.74,676415.74,1494494.44,6987.27,13974.55,9083.45,0.01,0.01,0.00,0.01,0.00,0.00,0.01,0.01,0.00,0.01
normal,2,devourers,8,1210102.47,620371.83,171851.45,519125.51,519125.51,1210102.47,6951.25,13902.50,9036.62,0.01,0.01,0.01,0.01,0.00,0.00,0.01,0.01,0.01,0.01
normal,2,factory_ark,8,1270950.43,694138.09,196377.02,537286.70,537286.70,1270950.43,6735.00,13470.00,8755.50,0.01,0.01,0.01,0.01,0.00,0.00,0.01,0.01,0.01,0.01
normal,2,mist_synod,8,1450888.56,673286.35,132814.11,659037.22,659037.22,1450888.56,6982.50,13965.00,9077.25,0.01,0.01,0.01,0.01,0.00,0.00,0.01,0.01,0.01,0.01
normal,2,stone_vault,7,1029033.71,611126.09,206661.73,411185.99,411185.99,1029033.71,7038.57,14077.14,9150.14,0.02,0.02,0.01,0.01,0.00,0.00,0.01,0.02,0.01,0.01
normal,2,wind_houses,9,1398325.84,642630.29,126232.96,636046.44,636046.44,1398325.84,7088.89,14177.78,9215.56,0.01,0.02,0.01,0.01,0.00,0.00,0.01,0.02,0.01,0.01
normal,3,capital,11,1604874.52,793994.79,160822.70,722025.91,722025.91,1604874.52,17528.18,35056.36,26292.27,0.03,0.04,0.01,0.02,0.00,0.00,0.02,0.03,0.01,0.01
normal,3,devourers,8,1499846.45,881924.95,313466.30,593190.07,593190.07,1499846.45,17876.25,35752.50,26814.38,0.02,0.03,0.01,0.02,0.00,0.00,0.02,0.03,0.01,0.02
normal,3,factory_ark,8,1504989.05,814460.68,234745.75,635121.65,635121.65,1504989.05,18193.75,36387.50,27290.62,0.02,0.04,0.01,0.02,0.00,0.00,0.02,0.04,0.01,0.02
normal,3,mist_synod,8,1631378.28,822858.07,238891.81,696243.23,696243.23,1631378.28,18485.00,36970.00,27727.50,0.02,0.03,0.01,0.01,0.00,0.00,0.02,0.03,0.01,0.01
normal,3,stone_vault,7,1298055.01,826099.22,336611.49,480721.76,480721.76,1298055.01,18297.14,36594.29,27445.71,0.03,0.04,0.01,0.02,0.00,0.00,0.02,0.03,0.01,0.02
normal,3,wind_houses,9,1599719.54,731987.37,143510.35,728104.59,728104.59,1599719.54,18258.89,36517.78,27388.33,0.03,0.04,0.01,0.02,0.00,0.00,0.03,0.04,0.01,0.02
normal,4,capital,11,1753218.98,954726.78,256601.77,748308.60,748308.60,1753218.98,45248.64,175761.82,81447.55,0.05,0.09,0.02,0.05,0.01,0.01,0.05,0.09,0.02,0.04
normal,4,devourers,8,1599521.52,976855.13,336832.42,631344.55,631344.55,1599521.52,45330.88,175363.50,81595.57,0.05,0.09,0.03,0.05,0.00,0.01,0.04,0.08,0.03,0.05
normal,4,factory_ark,8,1542899.67,915321.07,385022.24,578938.71,578938.71,1542899.67,45784.00,182226.00,82411.20,0.05,0.10,0.03,0.05,0.01,0.01,0.05,0.09,0.03,0.05
normal,4,mist_synod,8,1631984.91,941125.68,346084.02,642950.45,642950.45,1631984.91,45976.62,180761.50,82757.93,0.05,0.09,0.03,0.05,0.01,0.01,0.05,0.10,0.03,0.04
normal,4,stone_vault,7,1534882.07,1067049.61,480693.80,527094.14,527094.14,1534882.07,45820.14,175160.57,82476.26,0.04,0.08,0.03,0.05,0.00,0.01,0.04,0.07,0.03,0.05
normal,4,wind_houses,9,1635800.82,858505.29,236334.57,699733.12,699733.12,1635800.82,45040.00,177155.56,81072.00,0.06,0.10,0.03,0.05,0.01,0.01,0.05,0.10,0.02,0.04
normal,5,capital,11,1852446.06,983750.22,275555.05,788445.50,788445.50,1852446.06,112289.73,443937.09,247037.40,0.12,0.26,0.06,0.13,0.01,0.02,0.11,0.25,0.06,0.12
normal,5,devourers,8,1706626.65,1147288.56,446604.63,630011.01,630011.01,1706626.65,111834.62,437468.50,246036.17,0.09,0.21,0.07,0.14,0.01,0.02,0.09,0.21,0.06,0.14
normal,5,factory_ark,8,1651622.42,875421.19,407580.92,622020.75,622020.75,1651622.42,110352.00,441408.00,242774.40,0.14,0.30,0.07,0.15,0.01,0.03,0.12,0.27,0.07,0.14
normal,5,mist_synod,8,1768959.89,993542.18,380879.22,694040.34,694040.34,1768959.89,116033.50,461574.00,255273.70,0.12,0.27,0.07,0.15,0.01,0.02,0.11,0.26,0.06,0.13
normal,5,stone_vault,7,1592870.15,1179551.43,595348.17,498760.99,498760.99,1592870.15,113707.57,443338.86,250156.66,0.10,0.21,0.07,0.16,0.01,0.02,0.09,0.20,0.07,0.16
normal,5,wind_houses,9,1744977.98,956421.01,260887.50,742045.24,742045.24,1744977.98,112237.56,446052.44,246922.62,0.12,0.27,0.06,0.14,0.01,0.02,0.13,0.28,0.06,0.13
normal,6,capital,11,1883237.32,1006591.96,280642.94,801297.19,801297.19,1883237.32,280220.64,1761238.91,728573.65,0.29,0.75,0.15,0.39,0.02,0.06,0.28,0.73,0.14,0.37
normal,6,devourers,8,1767696.54,1187946.27,458658.98,654518.78,654518.78,1767696.54,285080.12,1790690.50,741208.32,0.24,0.62,0.16,0.42,0.02,0.05,0.23,0.60,0.16,0.41
normal,6,factory_ark,8,1754731.42,928975.40,431460.09,661635.66,661635.66,1754731.42,284801.38,1718101.00,740483.58,0.33,0.87,0.16,0.42,0.03,0.07,0.30,0.78,0.15,0.40
normal,6,mist_synod,8,1833964.90,1019484.82,390785.04,721589.93,721589.93,1833964.90,290792.25,1840627.00,756059.85,0.29,0.76,0.16,0.42,0.02,0.06,0.27,0.70,0.14,0.36
normal,6,stone_vault,7,1638180.49,1209210.45,602798.91,517690.79,517690.79,1638180.49,290628.57,1860501.71,755634.29,0.24,0.62,0.18,0.47,0.02,0.05,0.24,0.61,0.18,0.46
normal,6,wind_houses,9,1727566.59,1063092.48,355906.64,685829.98,685829.98,1727566.59,291848.33,1795562.22,758805.67,0.29,0.76,0.17,0.45,0.03,0.06,0.25,0.66,0.15,0.39
normal,7,capital,11,1943965.70,1066481.49,300169.59,821898.05,821898.05,1943965.70,714154.45,4495130.91,2285294.25,0.69,2.21,0.37,1.18,0.06,0.18,0.69,2.20,0.35,1.12
normal,7,devourers,8,1819871.88,1226843.09,477051.97,671409.96,671409.96,1819871.88,718398.25,4539596.00,2298874.40,0.58,1.85,0.40,1.26,0.05,0.16,0.56,1.79,0.38,1.21
normal,7,factory_ark,8,1821554.36,963503.28,445929.09,687812.63,687812.63,1821554.36,721529.50,4344585.00,2308894.40,0.82,2.62,0.40,1.27,0.07,0.22,0.73,2.31,0.37,1.18
normal,7,mist_synod,8,1862184.22,1100605.14,484779.91,688702.16,688702.16,1862184.22,756216.62,4821209.00,2419893.20,0.70,2.25,0.41,1.32,0.06,0.19,0.66,2.10,0.38,1.21
normal,7,stone_vault,7,1672023.98,1156827.79,521007.15,575508.42,575508.42,1672023.98,709531.29,4594896.57,2270500.11,0.62,1.98,0.43,1.37,0.05,0.17,0.58,1.87,0.44,1.41
normal,7,wind_houses,9,1853854.61,1168705.84,386126.44,733864.08,733864.08,1853854.61,712999.78,4428031.11,2281599.29,0.61,1.94,0.39,1.23,0.05,0.16,0.61,1.97,0.35,1.12
normal,8,capital,11,1996892.11,1098858.00,313501.96,841695.07,841695.07,1996892.11,1869585.73,16222173.09,7104425.76,1.76,6.67,0.94,3.56,0.12,0.44,1.75,6.64,0.86,3.27
normal,8,devourers,8,1846460.55,1238980.37,481019.08,682720.73,682720.73,1846460.55,1833741.25,15860469.00,6968216.75,1.47,5.57,1.00,3.79,0.10,0.37,1.38,5.26,0.96,3.66
normal,8,factory_ark,8,1885197.98,1011065.43,469112.33,708042.82,708042.82,1885197.98,1884563.62,16047650.00,7161341.78,2.07,7.88,1.00,3.81,0.14,0.53,1.88,7.15,0.93,3.51
normal,8,mist_synod,8,1826486.46,1140266.85,495786.72,665349.87,665349.87,1826486.46,1883293.00,16381906.00,7156513.40,1.69,6.43,1.05,3.98,0.11,0.43,1.58,6.02,1.02,3.88
normal,8,stone_vault,7,1722598.09,1274067.94,640061.05,541268.52,541268.52,1722598.09,1934344.86,16871904.00,7350510.46,1.49,5.67,1.13,4.29,0.10,0.38,1.43,5.43,1.15,4.38
normal,8,wind_houses,9,1938252.67,1089671.13,381944.15,778154.26,778154.26,1938252.67,1894379.11,16244475.56,7198640.62,1.82,6.92,0.99,3.75,0.12,0.46,1.63,6.18,0.87,3.32
normal,9,capital,11,2086453.20,1147453.25,324909.30,880771.95,880771.95,2086453.20,4673490.55,40767622.55,20563358.40,4.19,18.42,2.24,9.86,0.28,1.23,4.07,17.90,2.12,9.31
normal,9,devourers,8,1836951.78,1318528.26,574198.47,631376.66,631376.66,1836951.78,4551410.88,39875218.00,20026207.85,3.39,14.93,2.49,10.96,0.23,0.99,3.29,14.50,2.38,10.46
normal,9,factory_ark,8,1905016.50,1016385.94,469108.50,717954.00,717954.00,1905016.50,4577891.12,39297473.00,20142720.95,4.96,21.81,2.40,10.57,0.33,1.45,4.43,19.46,2.26,9.96
normal,9,mist_synod,8,1929374.13,1205798.18,523965.20,702704.46,702704.46,1929374.13,4771183.25,41960103.00,20993206.30,4.06,17.85,2.52,11.06,0.27,1.19,3.75,16.49,2.39,10.50
normal,9,stone_vault,7,1809947.83,1240762.51,550339.56,629804.14,629804.14,1809947.83,4634637.57,40780510.86,20392405.31,3.74,16.45,2.59,11.38,0.25,1.10,3.44,15.14,2.71,11.92
normal,9,wind_houses,9,1988945.21,1166490.53,406571.98,791186.61,791186.61,1988945.21,4661233.22,40510119.11,20509426.18,4.19,18.43,2.36,10.39,0.28,1.23,3.76,16.55,2.15,9.45
normal,10,capital,11,2089734.00,1195551.77,339538.00,875097.99,875097.99,2089734.00,17121702.09,101423322.55,85608510.45,14.96,74.80,8.21,41.07,1.00,4.99,14.25,71.26,7.80,39.01
normal,10,devourers,8,1882903.19,1348203.68,580807.28,651047.95,651047.95,1882903.19,17186036.00,102401109.50,85930180.00,12.68,63.41,9.34,46.70,0.84,4.23,12.32,61.59,9.16,45.78
normal,10,factory_ark,8,1930391.30,1040919.14,487581.19,721405.06,721405.06,1930391.30,17196839.88,100763130.00,85984199.38,18.74,93.68,8.94,44.70,1.25,6.25,16.41,82.02,8.46,42.30
normal,10,mist_synod,8,1909306.68,1186382.90,513297.46,698004.61,698004.61,1909306.68,17241690.00,103289485.50,86208450.00,15.06,75.30,9.28,46.40,1.01,5.02,13.55,67.75,8.49,42.45
normal,10,stone_vault,7,1849374.56,1266939.44,569232.81,640070.87,640070.87,1849374.56,17173140.29,102940647.43,85865701.43,13.70,68.51,9.45,47.24,0.91,4.57,13.05,65.23,9.16,45.82
normal,10,wind_houses,9,2024308.39,1195711.82,424420.60,799943.90,799943.90,2024308.39,17180143.33,101288044.89,85900716.67,15.20,75.99,8.53,42.66,1.01,5.07,13.46,67.28,7.72,38.62
quick,2,capital,11,3980.48,1859.33,367.81,1806.33,1806.33,3980.48,6987.27,13974.55,9083.45,3.76,4.89,1.73,2.26,0.38,0.49,3.87,5.03,1.73,2.25
quick,2,devourers,8,3746.88,1867.48,512.52,1617.18,1617.18,3746.88,6951.25,13902.50,9036.62,3.69,4.80,1.87,2.43,0.37,0.48,3.82,4.96,1.72,2.24
quick,2,factory_ark,8,3562.75,1872.71,514.43,1524.16,1524.16,3562.75,6735.00,13470.00,8755.50,3.59,4.67,1.90,2.47,0.36,0.47,3.54,4.59,1.75,2.29
quick,2,mist_synod,8,3913.64,1789.41,350.70,1781.47,1781.47,3913.64,6982.50,13965.00,9077.25,3.90,5.07,1.76,2.29,0.39,0.51,3.99,5.17,1.71,2.21
quick,2,stone_vault,7,3658.21,1962.79,574.18,1542.02,1542.02,3658.21,7038.57,14077.14,9150.14,3.58,4.66,1.97,2.56,0.36,0.47,3.59,4.67,1.76,2.29
quick,2,wind_houses,9,4076.05,1840.70,358.77,1858.64,1858.64,4076.05,7088.89,14177.78,9215.56,3.81,4.96,1.72,2.24,0.38,0.50,3.83,4.98,1.69,2.19
quick,3,capital,11,7957.00,3876.00,780.23,3588.38,3588.38,7957.00,17528.18,35056.36,26292.27,4.56,6.85,2.18,3.27,0.46,0.68,4.34,6.52,2.17,3.25
quick,3,devourers,8,7366.35,4208.01,1441.44,2962.45,2962.45,7366.35,17876.25,35752.50,26814.38,4.22,6.33,2.44,3.66,0.42,0.63,4.06,6.09,2.25,3.38
quick,3,factory_ark,8,7714.97,4050.38,1121.50,3296.73,3296.73,7714.97,18193.75,36387.50,27290.62,4.49,6.73,2.36,3.55,0.45,0.67,4.33,6.50,2.20,3.30
quick,3,mist_synod,8,7831.62,3899.66,1104.12,3363.75,3363.75,7831.62,18485.00,36970.00,27727.50,4.74,7.10,2.40,3.60,0.47,0.71,5.04,7.56,2.16,3.24
quick,3,stone_vault,7,7230.21,4285.54,1604.84,2812.69,2812.69,7230.21,18297.14,36594.29,27445.71,4.26,6.40,2.58,3.86,0.43,0.64,4.24,6.36,2.28,3.42
quick,3,wind_houses,9,8265.29,3744.51,730.89,3767.20,3767.20,8265.29,18258.89,36517.78,27388.33,4.82,7.24,2.17,3.26,0.48,0.72,4.86,7.30,2.12,3.18
quick,4,capital,11,15791.92,8536.25,2276.13,6757.89,6757.89,15791.92,45248.64,175761.82,81447.55,5.34,9.60,2.89,5.20,0.53,0.96,5.10,9.17,2.70,4.87
quick,4,devourers,8,15120.63,9013.12,3028.13,6046.25,6046.25,15120.63,45330.88,175363.50,81595.57,5.04,9.07,3.02,5.45,0.50,0.91,4.96,8.93,2.81,5.06
quick,4,factory_ark,8,14458.08,8479.92,3523.48,5467.30,5467.30,14458.08,45784.00,182226.00,82411.20,5.73,10.32,3.17,5.70,0.57,1.03,5.19,9.34,3.02,5.42
quick,4,mist_synod,8,15021.88,8539.50,3077.71,5972.09,5972.09,15021.88,45976.62,180761.50,82757.93,5.41,9.73,3.12,5.62,0.54,0.97,5.18,9.31,2.75,4.95
quick,4,stone_vault,7,13947.50,9537.00,4230.20,4858.65,4858.65,13947.50,45820.14,175160.57,82476.26,4.76,8.56,3.34,6.01,0.47,0.85,4.79,8.62,3.45,6.20
quick,4,wind_houses,9,15834.22,8153.42,2186.06,6824.08,6824.08,15834.22,45040.00,177155.56,81072.00,5.52,9.94,2.85,5.13,0.55,0.99,5.79,10.42,2.62,4.72
quick,5,capital,11,32864.90,17387.28,4845.93,14009.49,14009.49,32864.90,112289.73,443937.09,247037.40,6.60,14.52,3.44,7.57,0.55,1.21,6.12,13.47,3.25,7.16
quick,5,devourers,8,29695.31,19962.82,7770.92,10962.19,10962.19,29695.31,111834.62,437468.50,246036.17,5.51,12.13,3.76,8.28,0.46,1.01,5.40,11.89,3.60,7.92
quick,5,factory_ark,8,29234.50,15509.37,7210.48,11012.01,11012.01,29234.50,110352.00,441408.00,242774.40,7.76,17.07,3.77,8.30,0.65,1.42,6.96,15.30,3.56,7.83
quick,5,mist_synod,8,31534.43,17609.84,6688.48,12422.98,12422.98,31534.43,116033.50,461574.00,255273.70,6.79,14.94,3.74,8.23,0.57,1.25,6.18,13.57,3.30,7.28
quick,5,stone_vault,7,27715.94,20524.19,10359.06,8678.44,8678.44,27715.94,113707.57,443338.86,250156.66,5.44,11.96,4.13,9.08,0.45,1.00,5.25,11.56,4.07,8.96
quick,5,wind_houses,9,32713.44,17645.59,4730.05,13991.69,13991.69,32713.44,112237.56,446052.44,246922.62,6.36,14.00,3.43,7.55,0.53,1.17,6.11,13.43,3.26,7.16
quick,6,capital,11,66546.75,35501.21,9873.86,28336.44,28336.44,66546.75,280220.64,1761238.91,728573.65,8.12,21.12,4.24,11.03,0.68,1.76,7.50,19.50,4.06,10.57
quick,6,devourers,8,61869.38,41578.12,16053.06,22908.16,22908.16,61869.38,285080.12,1790690.50,741208.32,6.76,17.57,4.62,12.02,0.56,1.46,6.60,17.16,4.44,11.54
quick,6,factory_ark,8,61579.84,32584.27,15114.42,23232.71,23232.71,61579.84,284801.38,1718101.00,740483.58,9.50,24.71,4.63,12.03,0.79,2.06,8.50,22.12,4.35,11.29
quick,6,mist_synod,8,64359.08,35754.69,13691.28,25333.90,25333.90,64359.08,290792.25,1840627.00,756059.85,8.34,21.68,4.61,11.98,0.70,1.81,7.67,19.94,4.02,10.45
quick,6,stone_vault,7,57336.32,42322.37,21097.96,18119.18,18119.18,57336.32,290628.57,1860501.71,755634.29,6.78,17.62,5.15,13.38,0.56,1.47,6.75,17.54,5.04,13.10
quick,6,wind_houses,9,65278.15,39263.65,12847.00,26215.57,26215.57,65278.15,291848.33,1795562.22,758805.67,7.43,19.32,4.54,11.81,0.62,1.61,7.27,18.91,4.12,10.72
quick,7,capital,11,136344.73,74767.77,21033.53,57655.60,57655.60,136344.73,714154.45,4495130.91,2285294.25,9.83,31.47,5.27,16.87,0.82,2.62,9.60,30.72,4.99,15.96
quick,7,devourers,8,127391.03,85879.02,33393.64,46998.70,46998.70,127391.03,718398.25,4539596.00,2298874.40,8.29,26.51,5.65,18.06,0.69,2.21,8.00,25.57,5.40,17.28
quick,7,factory_ark,8,127508.80,67445.23,31215.04,48146.89,48146.89,127508.80,721529.50,4344585.00,2308894.40,11.69,37.41,5.67,18.16,0.97,3.12,10.32,33.03,5.29,16.91
quick,7,mist_synod,8,130352.90,77042.36,33934.59,48209.15,48209.15,130352.90,756216.62,4821209.00,2419893.20,10.03,32.10,5.90,18.89,0.84,2.68,9.38,29.99,5.40,17.28
quick,7,stone_vault,7,120345.35,82388.70,36738.37,41803.49,41803.49,120345.35,709531.29,4594896.57,2270500.11,8.54,27.34,5.98,19.12,0.71,2.28,8.34,26.70,6.30,20.17
quick,7,wind_houses,9,130284.34,82029.12,27070.57,51606.89,51606.89,130284.34,712999.78,4428031.11,2281599.29,8.63,27.60,5.49,17.57,0.72,2.30,8.77,28.08,5.00,15.99
quick,8,capital,11,279564.89,153840.12,43890.27,117837.31,117837.31,279564.89,1869585.73,16222173.09,7104425.76,12.54,47.66,6.69,25.44,0.84,3.18,12.49,47.46,6.15,23.35
quick,8,devourers,8,258504.48,173457.25,67342.67,95580.90,95580.90,258504.48,1833741.25,15860469.00,6968216.75,10.47,39.80,7.12,27.07,0.70,2.65,9.89,37.59,6.88,26.12
quick,8,factory_ark,8,263927.72,141549.16,65675.73,99126.00,99126.00,263927.72,1884563.62,16047650.00,7161341.78,14.80,56.25,7.16,27.18,0.99,3.75,13.44,51.07,6.61,25.11
quick,8,mist_synod,8,255708.11,159637.36,69410.14,93148.98,93148.98,255708.11,1883293.00,16381906.00,7156513.40,12.08,45.91,7.49,28.45,0.81,3.06,11.30,42.95,7.30,27.73
quick,8,stone_vault,7,241163.73,178369.51,89608.55,75777.59,75777.59,241163.73,1934344.86,16871904.00,7350510.46,10.65,40.48,8.07,30.68,0.71,2.70,10.21,38.79,8.22,31.25
quick,8,wind_houses,9,272567.91,153071.74,53570.49,109498.71,109498.71,272567.91,1894379.11,16244475.56,7198640.62,12.95,49.23,7.03,26.71,0.86,3.28,11.61,44.13,6.24,23.70
quick,9,capital,11,592552.71,325876.72,92274.24,250139.24,250139.24,592552.71,4673490.55,40767622.55,20563358.40,14.74,64.84,7.89,34.72,0.98,4.32,14.33,63.04,7.45,32.77
quick,9,devourers,8,521694.30,374462.03,163072.36,179310.97,179310.97,521694.30,4551410.88,39875218.00,20026207.85,11.95,52.56,8.78,38.61,0.80,3.50,11.61,51.05,8.38,36.86
quick,9,factory_ark,8,541024.69,288653.61,133226.81,203898.94,203898.94,541024.69,4577891.12,39297473.00,20142720.95,17.45,76.80,8.46,37.22,1.16,5.12,15.57,68.52,7.96,35.05
quick,9,mist_synod,8,547942.25,342446.68,148806.12,199568.07,199568.07,547942.25,4771183.25,41960103.00,20993206.30,14.29,62.86,8.85,38.96,0.95,4.19,13.20,58.08,8.40,36.97
quick,9,stone_vault,7,522347.06,355930.22,156971.18,182687.94,182687.94,522347.06,4634637.57,40780510.86,20392405.31,12.92,56.85,9.01,39.63,0.86,3.79,12.12,53.31,9.54,41.98
quick,9,wind_houses,9,564860.44,331283.31,115466.44,224697.00,224697.00,564860.44,4661233.22,40510119.11,20509426.18,14.75,64.89,8.32,36.59,0.98,4.33,13.24,58.28,7.56,33.28
quick,10,capital,11,1212045.72,693420.03,196932.04,507556.84,507556.84,1212045.72,17121702.09,101423322.55,85608510.45,25.79,128.97,14.16,70.81,1.72,8.60,24.57,122.87,13.45,67.26
quick,10,devourers,8,1092083.85,781958.14,336868.22,377607.82,377607.82,1092083.85,17186036.00,102401109.50,85930180.00,21.87,109.34,16.10,80.52,1.46,7.29,21.24,106.19,15.78,78.92
quick,10,factory_ark,8,1119626.96,603733.10,282797.09,418414.93,418414.93,1119626.96,17196839.88,100763130.00,85984199.38,32.30,161.52,15.42,77.08,2.15,10.77,28.29,141.41,14.59,72.94
quick,10,mist_synod,8,1107397.88,688102.08,297712.53,404842.67,404842.67,1107397.88,17241690.00,103289485.50,86208450.00,25.96,129.83,16.00,80.00,1.73,8.65,23.36,116.82,14.64,73.19
quick,10,stone_vault,7,1081719.52,738703.25,330891.43,375414.04,375414.04,1081719.52,17173140.29,102940647.43,85865701.43,23.40,116.98,16.19,80.95,1.56,7.80,22.49,112.46,15.80,78.99
quick,10,wind_houses,9,1174098.87,693512.86,246163.95,463967.46,463967.46,1174098.87,17180143.33,101288044.89,85900716.67,26.20,131.01,14.71,73.55,1.75,8.73,23.20,116.00,13.32,66.58
