mission_profile,rank,primary_activity,ship_count,avg_total_value_fe,avg_liquid_fe,avg_material_value_fe,avg_intangible_value_fe,avg_destroyed_total_value_fe,avg_extracted_total_value_fe,avg_craft_full_eff_fe,avg_craft_raw_fe,avg_buy_estimate_fe,avg_craft_payback_sorties,avg_buy_payback_sorties,avg_craft_total_value_payback_sorties,avg_buy_total_value_payback_sorties,avg_craft_lifetimes_to_payback,avg_buy_lifetimes_to_payback,median_craft_payback_sorties,median_buy_payback_sorties,median_craft_total_value_payback_sorties,median_buy_total_value_payback_sorties
danger,2,combat,9,1802490.04,1163893.57,257498.58,772495.73,772495.73,1802490.04,8901.11,17802.22,11571.44,0.01,0.01,0.00,0.01,0.00,0.00,0.01,0.01,0.00,0.01
danger,2,courier,39,936928.87,400093.95,75967.21,430480.83,430480.83,936928.87,6309.74,12619.49,8202.67,0.03,0.04,0.01,0.02,0.00,0.00,0.02,0.02,0.01,0.01
danger,2,hunting,1,894484.39,729348.81,481645.44,206419.47,206419.47,894484.39,9960.00,19920.00,12948.00,0.01,0.02,0.01,0.01,0.00,0.00,0.01,0.02,0.01,0.01
danger,2,mining,1,1294252.72,1085502.28,793251.67,250500.53,250500.53,1294252.72,9210.00,18420.00,11973.00,0.01,0.01,0.01,0.01,0.00,0.00,0.01,0.01,0.01,0.01
danger,2,salvage,1,1074842.38,846845.51,553706.68,260567.85,260567.85,1074842.38,9920.00,19840.00,12896.00,0.01,0.02,0.01,0.01,0.00,0.00,0.01,0.02,0.01,0.01
danger,3,combat,11,2401735.28,1550834.79,343105.04,1029315.12,1029315.12,2401735.28,22270.00,44540.00,33405.00,0.01,0.02,0.01,0.01,0.00,0.00,0.01,0.02,0.01,0.01
danger,3,courier,34,1326647.33,566514.26,107566.00,609540.66,609540.66,1326647.33,15790.29,31580.59,23685.44,0.03,0.05,0.01,0.02,0.00,0.00,0.03,0.04,0.01,0.02
danger,3,gas,1,1912964.07,1573567.22,1172461.85,370251.11,370251.11,1912964.07,25980.00,51960.00,38970.00,0.02,0.02,0.01,0.02,0.00,0.00,0.02,0.02,0.01,0.02
danger,3,hunting,2,1761815.48,1436557.24,948669.87,406572.80,406572.80,1761815.48,22340.00,44680.00,33510.00,0.01,0.03,0.01,0.02,0.00,0.00,0.01,0.03,0.01,0.02
danger,3,mining,2,1680681.11,1409603.52,1030094.88,325293.12,325293.12,1680681.11,20920.00,41840.00,31380.00,0.01,0.02,0.01,0.02,0.00,0.00,0.01,0.02,0.01,0.02
danger,3,salvage,1,2111483.78,1663593.28,1087734.07,511874.86,511874.86,2111483.78,27320.00,54640.00,40980.00,0.02,0.02,0.01,0.02,0.00,0.00,0.02,0.02,0.01,0.02
danger,4,combat,17,2617926.87,1690432.78,373989.55,1121968.66,1121968.66,2617926.87,50826.47,199047.06,91487.65,0.03,0.06,0.02,0.04,0.00,0.01,0.03,0.05,0.02,0.03
danger,4,courier,22,1670792.49,713473.55,135469.66,767661.41,767661.41,1670792.49,36624.09,144260.00,65923.36,0.06,0.10,0.03,0.04,0.01,0.01,0.05,0.10,0.02,0.04
danger,4,gas,2,2238679.21,1841494.19,1372093.71,433292.75,433292.75,2238679.21,55164.00,215236.00,99295.20,0.03,0.06,0.03,0.04,0.00,0.01,0.03,0.06,0.03,0.04
danger,4,hunting,2,2319494.33,1891280.00,1248958.49,535267.93,535267.93,2319494.33,53563.00,205532.00,96413.40,0.03,0.05,0.03,0.04,0.00,0.01,0.03,0.05,0.03,0.04
danger,4,mining,4,2245735.70,1883520.27,1376418.66,434658.53,434658.53,2245735.70,54630.75,205623.00,98335.35,0.03,0.05,0.03,0.04,0.00,0.01,0.03,0.06,0.03,0.04
danger,4,relic,1,2318854.01,761414.75,1142122.13,588365.94,588365.94,2318854.01,44803.00,179212.00,80645.40,0.06,0.11,0.02,0.03,0.01,0.01,0.06,0.11,0.02,0.03
danger,4,salvage,3,1828090.60,1440313.80,941743.64,443173.48,443173.48,1828090.60,56669.33,219984.00,102004.80,0.05,0.08,0.04,0.07,0.00,0.01,0.04,0.07,0.03,0.05
danger,5,combat,18,2893212.44,1868188.60,413316.06,1239948.19,1239948.19,2893212.44,124089.50,490478.00,272996.90,0.07,0.15,0.04,0.10,0.01,0.01,0.07,0.15,0.04,0.10
danger,5,courier,15,2094191.63,894276.43,169799.32,962196.16,962196.16,2094191.63,88705.27,354143.73,195151.59,0.11,0.24,0.04,0.10,0.01,0.02,0.10,0.23,0.04,0.10
danger,5,gas,2,2376442.96,1954815.98,1456529.55,459956.70,459956.70,2376442.96,139445.50,552042.00,306780.10,0.07,0.15,0.06,0.13,0.01,0.01,0.07,0.15,0.06,0.13
danger,5,hunting,3,2163556.48,1764130.67,1164991.95,499282.27,499282.27,2163556.48,120533.67,469721.33,265174.07,0.07,0.15,0.06,0.12,0.01,0.01,0.07,0.15,0.06,0.13
danger,5,mining,5,2276995.62,1909738.26,1395577.96,440708.83,440708.83,2276995.62,123675.40,481565.60,272085.88,0.07,0.14,0.05,0.12,0.01,0.01,0.06,0.13,0.05,0.11
danger,5,relic,1,2428917.93,797555.14,1196332.71,616292.61,616292.61,2428917.93,112208.00,448832.00,246857.60,0.14,0.31,0.05,0.10,0.01,0.03,0.14,0.31,0.05,0.10
danger,5,repair,4,2453114.82,799329.54,303193.97,1074960.43,1074960.43,2453114.82,103237.00,407998.00,227121.40,0.13,0.29,0.04,0.10,0.01,0.03,0.13,0.29,0.04,0.10
danger,5,salvage,3,2034809.69,1603183.39,1048235.29,493287.20,493287.20,2034809.69,132941.33,527365.33,292470.93,0.09,0.20,0.07,0.16,0.01,0.01,0.08,0.17,0.06,0.14
danger,6,combat,19,3190811.62,2060352.65,455830.23,1367490.70,1367490.70,3190811.62,314762.95,1968583.79,818383.66,0.15,0.39,0.10,0.25,0.01,0.03,0.14,0.37,0.09,0.24
danger,6,courier,13,2154269.95,919931.49,174670.54,989799.71,989799.71,2154269.95,216173.15,1323653.85,562050.20,0.26,0.67,0.11,0.28,0.02,0.06,0.23,0.61,0.10,0.26
danger,6,gas,2,2431161.22,1999826.17,1490066.56,470547.33,470547.33,2431161.22,356664.50,2272200.00,927327.70,0.17,0.46,0.15,0.38,0.01,0.04,0.17,0.46,0.15,0.38
danger,6,hunting,3,2312216.95,1885346.13,1245039.90,533588.53,533588.53,2312216.95,305614.67,1916377.33,794598.13,0.16,0.42,0.13,0.34,0.01,0.03,0.15,0.38,0.12,0.31
danger,6,mining,6,2263772.84,1898648.19,1387473.68,438149.58,438149.58,2263772.84,307385.00,1969769.33,799201.00,0.16,0.42,0.14,0.35,0.01,0.03,0.15,0.41,0.13,0.34
danger,6,relic,1,2425682.67,796492.82,1194739.22,615471.72,615471.72,2425682.67,273518.00,1586224.00,711146.80,0.34,0.89,0.11,0.29,0.03,0.07,0.34,0.89,0.11,0.29
danger,6,repair,4,2941831.40,958574.28,363597.14,1289117.13,1289117.13,2941831.40,264041.25,1634108.00,686507.25,0.28,0.73,0.09,0.24,0.02,0.06,0.27,0.69,0.09,0.23
danger,6,salvage,3,2314073.66,1823209.55,1192098.55,560987.55,560987.55,2314073.66,344646.33,2169050.67,896080.47,0.19,0.49,0.15,0.38,0.02,0.04,0.19,0.50,0.15,0.39
danger,7,combat,21,3202446.69,2067865.57,457492.38,1372477.15,1372477.15,3202446.69,754079.00,4745902.10,2413052.80,0.36,1.15,0.23,0.74,0.03,0.10,0.34,1.10,0.22,0.71
danger,7,courier,11,2557382.14,1092071.29,207355.31,1175013.42,1175013.42,2557382.14,562554.09,3453035.64,1800173.09,0.54,1.73,0.23,0.74,0.04,0.14,0.51,1.62,0.22,0.69
danger,7,gas,3,2306069.35,1896928.01,1413397.34,446336.00,446336.00,2306069.35,771407.67,4941461.33,2468504.53,0.40,1.27,0.33,1.04,0.03,0.11,0.36,1.16,0.30,0.95
danger,7,hunting,3,2521838.69,2056268.47,1357913.14,581962.78,581962.78,2521838.69,769451.00,4862453.33,2462243.20,0.37,1.18,0.30,0.96,0.03,0.10,0.35,1.10,0.28,0.90
danger,7,mining,5,2420316.75,2029943.08,1483419.94,468448.40,468448.40,2420316.75,824068.80,5344020.00,2637020.16,0.40,1.29,0.34,1.08,0.03,0.11,0.38,1.21,0.32,1.01
danger,7,relic,1,2512683.80,825060.35,1237590.53,637546.63,637546.63,2512683.80,705210.00,4068280.00,2256672.00,0.85,2.74,0.28,0.90,0.07,0.23,0.85,2.74,0.28,0.90
danger,7,repair,4,3150136.11,1026448.84,389342.66,1380396.72,1380396.72,3150136.11,683172.00,4207706.00,2186150.40,0.67,2.13,0.22,0.69,0.06,0.18,0.67,2.13,0.22,0.69
danger,7,salvage,3,2479386.07,1953455.69,1277259.49,601063.29,601063.29,2479386.07,867999.67,5475944.00,2777598.93,0.43,1.39,0.34,1.09,0.04,0.12,0.46,1.48,0.36,1.17
danger,8,combat,20,3348189.29,2161973.66,478312.76,1434938.27,1434938.27,3348189.29,1933551.90,16699566.00,7347497.22,0.89,3.36,0.57,2.17,0.06,0.22,0.85,3.23,0.55,2.08
danger,8,courier,10,2623704.77,1120392.85,212732.82,1205485.97,1205485.97,2623704.77,1449011.50,12434928.80,5506243.70,1.33,5.07,0.57,2.16,0.09,0.34,1.31,4.98,0.56,2.12
danger,8,gas,3,2338870.87,1923909.91,1433501.50,452684.68,452684.68,2338870.87,1917399.00,16629528.00,7286116.20,0.97,3.70,0.80,3.04,0.06,0.25,0.85,3.24,0.70,2.66
danger,8,hunting,3,2541644.35,2072417.70,1368577.73,586533.31,586533.31,2541644.35,1950598.67,16912493.33,7412274.93,0.92,3.50,0.75,2.86,0.06,0.24,0.85,3.25,0.70,2.65
danger,8,mining,6,2461510.36,2064492.56,1508667.64,476421.36,476421.36,2461510.36,2082979.67,18177673.33,7915322.73,0.99,3.76,0.83,3.15,0.07,0.25,0.95,3.62,0.80,3.04
danger,8,relic,1,2574141.97,845240.65,1267860.97,653140.50,653140.50,2574141.97,1889969.00,15449864.00,7181882.20,2.24,8.50,0.73,2.79,0.15,0.57,2.24,8.50,0.73,2.79
danger,8,repair,5,3393453.73,1105732.11,419415.63,1487019.05,1487019.05,3393453.73,1953762.00,16938979.20,7424295.60,1.75,6.64,0.57,2.16,0.12,0.44,1.60,6.07,0.52,1.98
danger,8,salvage,3,2709741.28,2134947.68,1395927.33,656906.98,656906.98,2709741.28,2348749.67,20296746.67,8925248.73,1.07,4.08,0.85,3.21,0.07,0.27,1.18,4.50,0.93,3.54
danger,9,combat,21,3486814.07,2251485.66,498116.30,1494348.89,1494348.89,3486814.07,4830001.10,42081738.29,21252004.82,2.12,9.32,1.37,6.02,0.14,0.62,2.04,8.96,1.31,5.79
danger,9,courier,9,2802503.77,1196744.86,227230.04,1287636.87,1287636.87,2802503.77,3543036.33,30437872.89,15589359.87,3.02,13.28,1.29,5.67,0.20,0.89,3.05,13.42,1.30,5.73
danger,9,gas,3,2469994.82,2031769.93,1513867.79,478063.51,478063.51,2469994.82,4816589.00,42488829.33,21192991.60,2.33,10.27,1.92,8.45,0.15,0.68,2.13,9.37,1.75,7.71
danger,9,hunting,3,2614241.04,2131611.92,1407668.25,603286.39,603286.39,2614241.04,4892805.00,42969333.33,21528342.00,2.25,9.92,1.84,8.09,0.15,0.66,2.16,9.52,1.76,7.76
danger,9,mining,6,2470886.52,2072356.44,1514414.32,478236.10,478236.10,2470886.52,4950802.67,43634753.33,21783531.73,2.34,10.30,1.96,8.63,0.16,0.68,2.27,9.98,1.90,8.38
danger,9,relic,1,2603659.62,854933.01,1282399.51,660630.05,660630.05,2603659.62,4289543.00,35255760.00,18873989.20,5.02,22.08,1.65,7.25,0.33,1.47,5.02,22.08,1.65,7.25
danger,9,repair,5,3545406.63,1155244.86,438196.32,1553605.15,1553605.15,3545406.63,4859258.60,42736576.00,21380737.84,4.16,18.30,1.36,5.96,0.28,1.22,4.05,17.82,1.32,5.81
danger,9,salvage,3,2736366.54,2155925.15,1409643.37,663361.59,663361.59,2736366.54,5423218.67,47593946.67,23862162.13,2.46,10.83,1.94,8.53,0.17,0.72,2.79,12.26,2.20,9.66
danger,10,combat,22,3521005.01,2273563.23,503000.72,1509002.15,1509002.15,3521005.01,17519093.55,104359970.18,87595467.73,7.67,38.36,4.96,24.77,0.51,2.56,7.52,37.57,4.85,24.26
danger,10,courier,8,2851625.98,1217721.36,231212.92,1310206.53,1310206.53,2851625.98,13941727.75,74243599.00,69708638.75,11.64,58.22,4.97,24.86,0.78,3.88,11.50,57.50,4.91,24.55
danger,10,gas,3,2402786.44,1976485.62,1472675.56,465055.44,465055.44,2402786.44,17310113.67,103836409.33,86550568.33,8.67,43.34,7.13,35.65,0.58,2.89,8.18,40.89,6.73,33.63
danger,10,hunting,3,2605710.57,2124656.31,1403074.92,601317.82,601317.82,2605710.57,17600960.33,106403450.67,88004801.67,8.22,41.12,6.70,33.53,0.55,2.74,7.92,39.61,6.46,32.30
danger,10,mining,6,2567259.25,2153185.18,1573481.48,496888.89,496888.89,2567259.25,18205162.67,111954233.33,91025813.33,8.40,41.98,7.04,35.21,0.56,2.80,8.16,40.80,6.85,34.22
danger,10,relic,1,2689201.56,883021.41,1324532.11,682334.72,682334.72,2689201.56,16851352.00,94220848.00,84256760.00,19.08,95.42,6.27,31.33,1.27,6.36,19.08,95.42,6.27,31.33
danger,10,repair,5,3504987.01,1142074.42,433200.64,1535893.18,1535893.18,3504987.01,17422828.40,104983273.60,87114142.00,15.19,75.98,4.95,24.76,1.01,5.06,14.74,73.72,4.80,24.02
danger,10,salvage,3,2983306.29,2350483.74,1536854.76,723225.76,723225.76,2983306.29,20428316.67,129337650.67,102141583.33,8.59,42.94,6.76,33.83,0.57,2.86,9.07,45.34,7.14,35.72
elite,2,combat,9,1140499.39,736436.75,162928.48,488785.45,488785.45,1140499.39,8901.11,17802.22,11571.44,0.01,0.02,0.01,0.01,0.00,0.00,0.01,0.02,0.01,0.01
elite,2,courier,39,385841.58,164764.78,31284.45,177278.56,177278.56,385841.58,6309.74,12619.49,8202.67,0.10,0.13,0.04,0.06,0.01,0.01,0.05,0.07,0.02,0.03
elite,2,hunting,1,361188.58,294507.61,194486.16,83351.21,83351.21,361188.58,9960.00,19920.00,12948.00,0.03,0.04,0.03,0.04,0.00,0.00,0.03,0.04,0.03,0.04
elite,2,mining,1,721974.10,605526.66,442500.25,139736.92,139736.92,721974.10,9210.00,18420.00,11973.00,0.02,0.02,0.01,0.02,0.00,0.00,0.02,0.02,0.01,0.02
elite,2,salvage,1,394411.30,310748.29,203181.58,95614.86,95614.86,394411.30,9920.00,19840.00,12896.00,0.03,0.04,0.03,0.03,0.00,0.00,0.03,0.04,0.03,0.03
elite,3,combat,11,1860379.18,1201273.41,265768.45,797305.36,797305.36,1860379.18,22270.00,44540.00,33405.00,0.02,0.03,0.01,0.02,0.00,0.00,0.02,0.03,0.01,0.02
elite,3,courier,34,664064.77,283573.60,53843.09,305110.84,305110.84,664064.77,15790.29,31580.59,23685.44,0.15,0.23,0.07,0.10,0.01,0.02,0.05,0.08,0.02,0.03
elite,3,gas,1,1329611.28,1093712.50,814923.04,257344.12,257344.12,1329611.28,25980.00,51960.00,38970.00,0.02,0.04,0.02,0.03,0.00,0.00,0.02,0.04,0.02,0.03
elite,3,hunting,2,1170971.73,954792.33,630523.23,270224.24,270224.24,1170971.73,22340.00,44680.00,33510.00,0.02,0.04,0.02,0.03,0.00,0.00,0.02,0.04,0.02,0.03
elite,3,mining,2,1101950.56,924216.60,675389.05,213280.76,213280.76,1101950.56,20920.00,41840.00,31380.00,0.02,0.03,0.02,0.03,0.00,0.00,0.02,0.03,0.02,0.03
elite,3,salvage,1,1530036.27,1205483.12,788200.50,370917.88,370917.88,1530036.27,27320.00,54640.00,40980.00,0.02,0.03,0.02,0.03,0.00,0.00,0.02,0.03,0.02,0.03
elite,4,combat,17,2195069.06,1417387.45,313581.30,940743.89,940743.89,2195069.06,50826.47,199047.06,91487.65,0.04,0.07,0.03,0.05,0.00,0.01,0.04,0.06,0.02,0.04
elite,4,courier,22,1041891.80,444915.96,84477.71,478707.04,478707.04,1041891.80,36624.09,144260.00,65923.36,0.19,0.34,0.08,0.15,0.02,0.03,0.08,0.15,0.03,0.06
elite,4,gas,2,2135646.15,1756741.18,1308944.41,413350.86,413350.86,2135646.15,55164.00,215236.00,99295.20,0.04,0.06,0.03,0.04,0.00,0.01,0.04,0.06,0.03,0.04
elite,4,hunting,2,1896289.28,1546205.10,1021078.84,437605.22,437605.22,1896289.28,53563.00,205532.00,96413.40,0.04,0.06,0.03,0.05,0.00,0.01,0.04,0.06,0.03,0.05
elite,4,mining,4,2024851.59,1698262.63,1241038.07,391906.76,391906.76,2024851.59,54630.75,205623.00,98335.35,0.03,0.06,0.03,0.05,0.00,0.01,0.03,0.06,0.03,0.05
elite,4,relic,1,2547477.74,836485.23,1254727.84,646374.95,646374.95,2547477.74,44803.00,179212.00,80645.40,0.05,0.10,0.02,0.03,0.01,0.01,0.05,0.10,0.02,0.03
elite,4,salvage,3,1307722.23,1030326.60,673675.09,317023.57,317023.57,1307722.23,56669.33,219984.00,102004.80,0.32,0.58,0.25,0.46,0.03,0.06,0.05,0.09,0.04,0.07
elite,5,combat,18,2723022.73,1758294.68,389003.25,1167009.74,1167009.74,2723022.73,124089.50,490478.00,272996.90,0.08,0.17,0.05,0.11,0.01,0.01,0.07,0.15,0.04,0.10
elite,5,courier,15,1477820.14,631069.14,119823.25,678998.44,678998.44,1477820.14,88705.27,354143.73,195151.59,0.32,0.69,0.13,0.30,0.03,0.06,0.15,0.33,0.06,0.14
elite,5,gas,2,2727312.73,2243434.66,1671578.77,527866.98,527866.98,2727312.73,139445.50,552042.00,306780.10,0.06,0.14,0.05,0.11,0.01,0.01,0.06,0.14,0.05,0.11
elite,5,hunting,3,2099991.76,1712300.98,1130764.80,484613.48,484613.48,2099991.76,120533.67,469721.33,265174.07,0.08,0.17,0.06,0.14,0.01,0.01,0.07,0.16,0.06,0.13
elite,5,mining,5,2401496.11,2014158.03,1471884.72,464805.70,464805.70,2401496.11,123675.40,481565.60,272085.88,0.06,0.13,0.05,0.11,0.01,0.01,0.06,0.14,0.05,0.12
elite,5,relic,1,2916496.29,957655.50,1436483.25,740006.52,740006.52,2916496.29,112208.00,448832.00,246857.60,0.12,0.26,0.04,0.08,0.01,0.02,0.12,0.26,0.04,0.08
elite,5,repair,4,2045750.00,666592.69,252845.51,896452.25,896452.25,2045750.00,103237.00,407998.00,227121.40,0.17,0.36,0.05,0.12,0.01,0.03,0.17,0.36,0.05,0.12
elite,5,salvage,3,1828836.42,1440901.42,942127.85,443354.29,443354.29,1828836.42,132941.33,527365.33,292470.93,0.18,0.40,0.15,0.32,0.02,0.03,0.09,0.19,0.07,0.15
elite,6,combat,19,3263782.11,2107470.73,466254.59,1398763.76,1398763.76,3263782.11,314762.95,1968583.79,818383.66,0.15,0.40,0.10,0.26,0.01,0.03,0.15,0.38,0.09,0.25
elite,6,courier,13,1636374.72,698776.23,132679.03,751847.84,751847.84,1636374.72,216173.15,1323653.85,562050.20,0.84,2.17,0.36,0.93,0.07,0.18,0.32,0.82,0.13,0.35
elite,6,gas,2,2919189.90,2401269.10,1789180.91,565004.49,565004.49,2919189.90,356664.50,2272200.00,927327.70,0.15,0.39,0.12,0.32,0.01,0.04,0.15,0.39,0.12,0.32
elite,6,hunting,3,2518475.39,2053526.08,1356102.13,581186.63,581186.63,2518475.39,305614.67,1916377.33,794598.13,0.16,0.41,0.13,0.33,0.01,0.03,0.16,0.40,0.13,0.33
elite,6,mining,6,2580831.95,2164568.73,1581800.23,499515.86,499515.86,2580831.95,307385.00,1969769.33,799201.00,0.14,0.36,0.12,0.31,0.01,0.03,0.14,0.35,0.11,0.29
elite,6,relic,1,2912611.58,956379.92,1434569.88,739020.85,739020.85,2912611.58,273518.00,1586224.00,711146.80,0.29,0.74,0.09,0.24,0.02,0.06,0.29,0.74,0.09,0.24
elite,6,repair,4,2884512.45,939897.31,356512.77,1263999.83,1263999.83,2884512.45,264041.25,1634108.00,686507.25,0.30,0.78,0.10,0.26,0.03,0.07,0.27,0.71,0.09,0.23
elite,6,salvage,3,2392631.44,1885103.56,1232567.71,580031.86,580031.86,2392631.44,344646.33,2169050.67,896080.47,0.22,0.58,0.18,0.45,0.02,0.05,0.17,0.45,0.14,0.35
elite,7,combat,21,3476657.31,2244927.29,496665.33,1489995.99,1489995.99,3476657.31,754079.00,4745902.10,2413052.80,0.34,1.09,0.22,0.70,0.03,0.09,0.34,1.10,0.22,0.71
elite,7,courier,11,2174648.90,928633.86,176322.88,999163.01,999163.01,2174648.90,562554.09,3453035.64,1800173.09,0.68,2.18,0.29,0.93,0.06,0.18,0.64,2.03,0.27,0.87
elite,7,gas,3,2551622.98,2098915.68,1563897.95,493862.51,493862.51,2551622.98,771407.67,4941461.33,2468504.53,0.37,1.19,0.31,0.97,0.03,0.10,0.40,1.27,0.33,1.04
elite,7,hunting,3,2746226.30,2239230.67,1478737.24,633744.53,633744.53,2746226.30,769451.00,4862453.33,2462243.20,0.35,1.11,0.28,0.90,0.03,0.09,0.37,1.18,0.30,0.96
elite,7,mining,5,2906168.51,2437431.66,1781200.06,562484.23,562484.23,2906168.51,824068.80,5344020.00,2637020.16,0.33,1.07,0.28,0.90,0.03,0.09,0.31,1.01,0.26,0.85
elite,7,relic,1,3017077.22,990682.07,1486023.11,765527.06,765527.06,3017077.22,705210.00,4068280.00,2256672.00,0.71,2.28,0.23,0.75,0.06,0.19,0.71,2.28,0.23,0.75
elite,7,repair,4,3465036.46,1129056.83,428262.93,1518386.76,1518386.76,3465036.46,683172.00,4207706.00,2186150.40,0.62,1.98,0.20,0.65,0.05,0.16,0.60,1.93,0.20,0.63
elite,7,salvage,3,2640699.92,2080551.45,1360360.56,640169.68,640169.68,2640699.92,867999.67,5475944.00,2777598.93,0.46,1.48,0.36,1.16,0.04,0.12,0.39,1.26,0.31,0.99
elite,8,combat,20,3782397.02,2442347.79,540342.43,1621027.29,1621027.29,3782397.02,1933551.90,16699566.00,7347497.22,0.80,3.02,0.51,1.95,0.05,0.20,0.78,2.96,0.50,1.92
elite,8,courier,10,2343808.31,1000869.49,190038.51,1076884.90,1076884.90,2343808.31,1449011.50,12434928.80,5506243.70,1.57,5.98,0.67,2.55,0.11,0.40,1.61,6.13,0.69,2.62
elite,8,gas,3,2613641.34,2149930.78,1601909.21,505866.06,505866.06,2613641.34,1917399.00,16629528.00,7286116.20,0.89,3.36,0.73,2.76,0.06,0.22,0.90,3.41,0.74,2.80
elite,8,hunting,3,2892048.31,2358131.70,1557256.78,667395.76,667395.76,2892048.31,1950598.67,16912493.33,7412274.93,0.82,3.11,0.67,2.54,0.05,0.21,0.80,3.04,0.65,2.48
elite,8,mining,6,2932926.29,2459873.66,1797599.98,567663.15,567663.15,2932926.29,2082979.67,18177673.33,7915322.73,0.83,3.15,0.70,2.65,0.06,0.21,0.79,3.01,0.67,2.53
elite,8,relic,1,3090872.44,1014913.34,1522370.01,784251.22,784251.22,3090872.44,1889969.00,15449864.00,7181882.20,1.86,7.08,0.61,2.32,0.12,0.47,1.86,7.08,0.61,2.32
elite,8,repair,5,3930704.61,1280791.39,485817.42,1722443.59,1722443.59,3930704.61,1953762.00,16938979.20,7424295.60,1.52,5.79,0.50,1.89,0.10,0.39,1.48,5.63,0.48,1.83
elite,8,salvage,3,2895272.19,2281123.55,1491503.86,701884.17,701884.17,2895272.19,2348749.67,20296746.67,8925248.73,1.07,4.05,0.84,3.19,0.07,0.27,1.00,3.81,0.79,3.00
elite,9,combat,21,4043230.01,2610771.38,577604.29,1732812.86,1732812.86,4043230.01,4830001.10,42081738.29,21252004.82,1.84,8.09,1.19,5.22,0.12,0.54,1.78,7.82,1.15,5.05
elite,9,courier,9,2599936.22,1110243.04,210805.64,1194565.29,1194565.29,2599936.22,3543036.33,30437872.89,15589359.87,3.50,15.42,1.50,6.58,0.23,1.03,3.31,14.57,1.41,6.22
elite,9,gas,3,2808030.27,2309831.35,1721050.81,543489.73,543489.73,2808030.27,4816589.00,42488829.33,21192991.60,2.06,9.05,1.69,7.44,0.14,0.60,1.89,8.32,1.56,6.84
elite,9,hunting,3,3053595.52,2489854.80,1644243.74,704675.89,704675.89,3053595.52,4892805.00,42969333.33,21528342.00,1.93,8.48,1.57,6.91,0.13,0.57,1.80,7.93,1.47,6.46
elite,9,mining,6,2919714.63,2448792.92,1789502.51,565106.06,565106.06,2919714.63,4950802.67,43634753.33,21783531.73,1.98,8.72,1.66,7.31,0.13,0.58,1.89,8.31,1.58,6.97
elite,9,relic,1,3126315.43,1026551.34,1539827.00,793244.21,793244.21,3126315.43,4289543.00,35255760.00,18873989.20,4.18,18.39,1.37,6.04,0.28,1.23,4.18,18.39,1.37,6.04
elite,9,repair,5,4109490.54,1339047.48,507914.56,1800787.99,1800787.99,4109490.54,4859258.60,42736576.00,21380737.84,3.61,15.88,1.18,5.18,0.24,1.06,3.42,15.04,1.11,4.90
elite,9,salvage,3,2985207.26,2351981.48,1537834.04,723686.61,723686.61,2985207.26,5423218.67,47593946.67,23862162.13,2.29,10.08,1.81,7.95,0.15,0.67,2.32,10.21,1.83,8.05
elite,10,combat,22,4144301.08,2676034.41,592043.01,1776129.04,1776129.04,4144301.08,17519093.55,104359970.18,87595467.73,6.55,32.74,4.23,21.14,0.44,2.18,6.38,31.91,4.12,20.60
elite,10,courier,8,2629381.51,1122816.97,213193.10,1208094.21,1208094.21,2629381.51,13941727.75,74243599.00,69708638.75,13.28,66.39,5.67,28.35,0.89,4.43,13.38,66.87,5.71,28.55
elite,10,gas,3,3462022.73,2847792.89,2121884.90,670068.91,670068.91,3462022.73,17310113.67,103836409.33,86550568.33,6.08,30.39,5.00,25.00,0.41,2.03,6.08,30.39,5.00,25.00
elite,10,hunting,3,3520192.07,2870310.45,1895488.03,812352.02,812352.02,3520192.07,17600960.33,106403450.67,88004801.67,6.13,30.66,5.00,25.00,0.41,2.04,6.13,30.66,5.00,25.00
elite,10,mining,6,3641032.53,3053769.22,2231600.58,704715.97,704715.97,3641032.53,18205162.67,111954233.33,91025813.33,5.96,29.81,5.00,25.00,0.40,1.99,5.96,29.81,5.00,25.00
elite,10,relic,1,3370270.40,1106655.95,1659983.93,855143.24,855143.24,3370270.40,16851352.00,94220848.00,84256760.00,15.23,76.14,5.00,25.00,1.02,5.08,15.23,76.14,5.00,25.00
elite,10,repair,5,4103477.04,1337088.03,507171.32,1798152.86,1798152.86,4103477.04,17422828.40,104983273.60,87114142.00,13.09,65.43,4.26,21.32,0.87,4.36,12.61,63.05,4.11,20.55
elite,10,salvage,3,3875421.53,3053362.42,1996429.27,939496.13,939496.13,3875421.53,20428316.67,129337650.67,102141583.33,6.95,34.72,5.47,27.36,0.46,2.32,6.35,31.73,5.00,25.00
normal,2,combat,9,1790638.17,1156240.65,255805.45,767416.36,767416.36,1790638.17,8901.11,17802.22,11571.44,0.01,0.01,0.01,0.01,0.00,0.00,0.01,0.01,0.01,0.01
normal,2,courier,39,1232507.44,526313.99,99933.04,566287.20,566287.20,1232507.44,6309.74,12619.49,8202.67,0.01,0.02,0.01,0.01,0.00,0.00,0.01,0.02,0.01,0.01
normal,2,hunting,1,1023078.23,834202.25,550888.28,236094.98,236094.98,1023078.23,9960.00,19920.00,12948.00,0.01,0.02,0.01,0.01,0.00,0.00,0.01,0.02,0.01,0.01
normal,2,mining,1,1258795.85,1055764.26,771520.04,243637.91,243637.91,1258795.85,9210.00,18420.00,11973.00,0.01,0.01,0.01,0.01,0.00,0.00,0.01,0.01,0.01,0.01
normal,2,salvage,1,1217731.38,959424.72,627316.17,295207.61,295207.61,1217731.38,9920.00,19840.00,12896.00,0.01,0.01,0.01,0.01,0.00,0.00,0.01,0.01,0.01,0.01
normal,3,combat,11,1905507.28,1230413.27,272215.33,816645.97,816645.97,1905507.28,22270.00,44540.00,33405.00,0.02,0.03,0.01,0.02,0.00,0.00,0.02,0.03,0.01,0.02
normal,3,courier,34,1438813.82,614412.39,116660.58,661076.62,661076.62,1438813.82,15790.29,31580.59,23685.44,0.03,0.04,0.01,0.02,0.00,0.00,0.02,0.04,0.01,0.01
normal,3,gas,1,1351421.86,1111653.46,828290.82,261565.52,261565.52,1351421.86,25980.00,51960.00,38970.00,0.02,0.04,0.02,0.03,0.00,0.00,0.02,0.04,0.02,0.03
normal,3,hunting,2,1422603.85,1159969.29,766017.46,328293.20,328293.20,1422603.85,22340.00,44680.00,33510.00,0.02,0.03,0.01,0.03,0.00,0.00,0.02,0.03,0.01,0.03
normal,3,mining,2,1302078.91,1092066.18,798048.36,252015.28,252015.28,1302078.91,20920.00,41840.00,31380.00,0.02,0.03,0.01,0.03,0.00,0.00,0.02,0.03,0.01,0.03
normal,3,salvage,1,1546153.75,1218181.74,796503.45,374825.15,374825.15,1546153.75,27320.00,54640.00,40980.00,0.02,0.03,0.02,0.03,0.00,0.00,0.02,0.03,0.02,0.03
normal,4,combat,17,1906409.84,1230996.07,272344.26,817032.79,817032.79,1906409.84,50826.47,199047.06,91487.65,0.04,0.07,0.02,0.05,0.00,0.01,0.04,0.07,0.02,0.04
normal,4,courier,22,1534220.79,655153.74,124396.28,704912.26,704912.26,1534220.79,36624.09,144260.00,65923.36,0.06,0.10,0.02,0.04,0.01,0.01,0.06,0.10,0.02,0.04
normal,4,gas,2,1378497.05,1133924.99,844885.28,266805.88,266805.88,1378497.05,55164.00,215236.00,99295.20,0.05,0.09,0.04,0.07,0.01,0.01,0.05,0.09,0.04,0.07
normal,4,hunting,2,1428260.06,1164581.28,769063.11,329598.47,329598.47,1428260.06,53563.00,205532.00,96413.40,0.04,0.08,0.04,0.07,0.01,0.01,0.04,0.08,0.04,0.07
normal,4,mining,4,1382842.18,1159803.12,847548.43,267646.87,267646.87,1382842.18,54630.75,205623.00,98335.35,0.04,0.08,0.04,0.07,0.01,0.01,0.04,0.08,0.04,0.07
normal,4,relic,1,1427865.77,468851.45,703277.17,362294.30,362294.30,1427865.77,44803.00,179212.00,80645.40,0.10,0.17,0.03,0.06,0.01,0.02,0.10,0.17,0.03,0.06
normal,4,salvage,3,1404155.33,1106304.20,723352.74,340401.29,340401.29,1404155.33,56669.33,219984.00,102004.80,0.05,0.09,0.04,0.07,0.01,0.01,0.05,0.10,0.04,0.08
normal,5,combat,18,1960350.97,1265826.63,280050.14,840150.42,840150.42,1960350.97,124089.50,490478.00,272996.90,0.10,0.21,0.06,0.14,0.01,0.02,0.09,0.20,0.06,0.13
normal,5,courier,15,1699221.43,725613.47,137774.71,780723.36,780723.36,1699221.43,88705.27,354143.73,195151.59,0.12,0.27,0.05,0.12,0.01,0.02,0.12,0.27,0.05,0.12
normal,5,gas,2,1463326.94,1203704.42,896877.80,283224.57,283224.57,1463326.94,139445.50,552042.00,306780.10,0.12,0.25,0.10,0.21,0.01,0.02,0.12,0.25,0.10,0.21
normal,5,hunting,3,1457342.37,1188294.55,784722.81,336309.78,336309.78,1457342.37,120533.67,469721.33,265174.07,0.10,0.22,0.08,0.18,0.01,0.02,0.09,0.21,0.08,0.17
normal,5,mining,5,1402090.90,1175947.20,859346.04,271372.43,271372.43,1402090.90,123675.40,481565.60,272085.88,0.10,0.23,0.09,0.19,0.01,0.02,0.10,0.21,0.08,0.18
normal,5,relic,1,1495639.12,491105.38,736658.07,379490.52,379490.52,1495639.12,112208.00,448832.00,246857.60,0.23,0.50,0.08,0.17,0.02,0.04,0.23,0.50,0.08,0.17
normal,5,repair,4,1834753.42,597841.00,226767.27,803993.07,803993.07,1834753.42,103237.00,407998.00,227121.40,0.17,0.38,0.06,0.12,0.01,0.03,0.18,0.39,0.06,0.13
normal,5,salvage,3,1443681.36,1137445.92,743714.64,349983.36,349983.36,1443681.36,132941.33,527365.33,292470.93,0.12,0.25,0.09,0.20,0.01,0.02,0.13,0.28,0.10,0.22
normal,6,combat,19,2024848.46,1307473.58,289264.07,867792.20,867792.20,2024848.46,314762.95,1968583.79,818383.66,0.24,0.62,0.15,0.40,0.02,0.05,0.23,0.59,0.15,0.38
normal,6,courier,13,1724869.03,736565.69,139854.25,792507.39,792507.39,1724869.03,216173.15,1323653.85,562050.20,0.30,0.78,0.13,0.33,0.02,0.06,0.27,0.70,0.12,0.30
normal,6,gas,2,1497020.46,1231420.06,917528.67,289745.90,289745.90,1497020.46,356664.50,2272200.00,927327.70,0.29,0.74,0.24,0.61,0.03,0.06,0.29,0.74,0.24,0.61
normal,6,hunting,3,1480232.06,1206958.45,797048.03,341592.01,341592.01,1480232.06,305614.67,1916377.33,794598.13,0.25,0.65,0.20,0.52,0.02,0.05,0.24,0.62,0.19,0.50
normal,6,mining,6,1393948.79,1169118.34,854355.71,269796.54,269796.54,1393948.79,307385.00,1969769.33,799201.00,0.26,0.67,0.22,0.57,0.02,0.06,0.25,0.65,0.21,0.55
normal,6,relic,1,1493646.96,490451.24,735676.86,378985.05,378985.05,1493646.96,273518.00,1586224.00,711146.80,0.56,1.45,0.18,0.48,0.05,0.12,0.56,1.45,0.18,0.48
normal,6,repair,4,1934707.58,630410.33,239121.16,847793.21,847793.21,1934707.58,264041.25,1634108.00,686507.25,0.42,1.08,0.14,0.35,0.04,0.09,0.42,1.10,0.14,0.36
normal,6,salvage,3,1551930.33,1222732.98,799479.26,376225.53,376225.53,1551930.33,344646.33,2169050.67,896080.47,0.27,0.71,0.22,0.56,0.03,0.06,0.31,0.81,0.24,0.64
normal,7,combat,21,2015591.06,1301495.94,287941.58,863824.74,863824.74,2015591.06,754079.00,4745902.10,2413052.80,0.57,1.83,0.37,1.18,0.05,0.15,0.55,1.77,0.36,1.14
normal,7,courier,11,1876816.84,801451.52,152174.34,862321.25,862321.25,1876816.84,562554.09,3453035.64,1800173.09,0.70,2.24,0.30,0.96,0.06,0.19,0.67,2.14,0.29,0.92
normal,7,gas,3,1448005.86,1191101.59,887487.46,280259.20,280259.20,1448005.86,771407.67,4941461.33,2468504.53,0.63,2.02,0.52,1.66,0.05,0.17,0.59,1.88,0.48,1.54
normal,7,hunting,3,1552856.34,1266175.17,836153.41,358351.46,358351.46,1552856.34,769451.00,4862453.33,2462243.20,0.59,1.91,0.49,1.56,0.05,0.16,0.56,1.79,0.46,1.46
normal,7,mining,5,1490342.83,1249964.95,913435.93,288453.45,288453.45,1490342.83,824068.80,5344020.00,2637020.16,0.65,2.09,0.55,1.75,0.05,0.18,0.61,1.97,0.52,1.65
normal,7,relic,1,1547219.09,508042.09,762063.13,392577.98,392577.98,1547219.09,705210.00,4068280.00,2256672.00,1.39,4.44,0.46,1.46,0.12,0.37,1.39,4.44,0.46,1.46
normal,7,repair,4,2006605.94,653837.89,248007.48,879299.23,879299.23,2006605.94,683172.00,4207706.00,2186150.40,1.04,3.33,0.34,1.08,0.09,0.28,1.08,3.44,0.35,1.12
normal,7,salvage,3,1600341.53,1260875.14,824418.36,387961.58,387961.58,1600341.53,867999.67,5475944.00,2777598.93,0.67,2.14,0.53,1.68,0.05,0.18,0.75,2.40,0.59,1.89
normal,8,combat,20,2075957.02,1340475.11,296565.29,889695.87,889695.87,2075957.02,1933551.90,16699566.00,7347497.22,1.43,5.42,0.92,3.50,0.10,0.36,1.38,5.25,0.89,3.38
normal,8,courier,10,1909251.69,815302.07,154804.19,877223.75,877223.75,1909251.69,1449011.50,12434928.80,5506243.70,1.77,6.74,0.76,2.88,0.12,0.45,1.75,6.63,0.75,2.83
normal,8,gas,3,1440191.42,1184673.59,882697.97,278746.73,278746.73,1440191.42,1917399.00,16629528.00,7286116.20,1.58,6.00,1.30,4.94,0.11,0.40,1.38,5.26,1.14,4.33
normal,8,hunting,3,1565051.94,1276119.27,842720.27,361165.83,361165.83,1565051.94,1950598.67,16912493.33,7412274.93,1.50,5.69,1.22,4.64,0.10,0.38,1.39,5.27,1.13,4.30
normal,8,mining,6,1515708.35,1271239.26,928982.54,293362.91,293362.91,1515708.35,2082979.67,18177673.33,7915322.73,1.61,6.11,1.35,5.12,0.11,0.40,1.55,5.88,1.29,4.93
normal,8,relic,1,1585062.79,520468.38,780702.57,402180.11,402180.11,1585062.79,1889969.00,15449864.00,7181882.20,3.63,13.80,1.19,4.53,0.24,0.92,3.63,13.80,1.19,4.53
normal,8,repair,5,2107767.08,686800.51,260510.54,923628.27,923628.27,2107767.08,1953762.00,16938979.20,7424295.60,2.81,10.68,0.91,3.48,0.19,0.71,2.59,9.85,0.84,3.21
normal,8,salvage,3,1695966.04,1336215.67,873679.48,411143.28,411143.28,1695966.04,2348749.67,20296746.67,8925248.73,1.72,6.53,1.35,5.14,0.12,0.44,1.92,7.30,1.51,5.75
normal,9,combat,21,2156165.85,1392267.09,308023.69,924071.08,924071.08,2156165.85,4830001.10,42081738.29,21252004.82,3.42,15.07,2.21,9.73,0.23,1.00,3.31,14.55,2.14,9.39
normal,9,courier,9,1946407.47,831168.60,157816.82,894295.33,894295.33,1946407.47,3543036.33,30437872.89,15589359.87,4.24,18.66,1.81,7.97,0.28,1.24,4.07,17.90,1.74,7.65
normal,9,gas,3,1520932.77,1251089.86,932184.60,294374.08,294374.08,1520932.77,4816589.00,42488829.33,21192991.60,3.79,16.67,3.12,13.72,0.25,1.11,3.46,15.22,2.85,12.52
normal,9,hunting,3,1609754.34,1312568.92,866790.79,371481.77,371481.77,1609754.34,4892805.00,42969333.33,21528342.00,3.66,16.11,2.98,13.13,0.24,1.07,3.51,15.46,2.86,12.60
normal,9,mining,6,1521481.85,1276081.55,932521.13,294480.36,294480.36,1521481.85,4950802.67,43634753.33,21783531.73,3.80,16.72,3.19,14.02,0.25,1.12,3.69,16.21,3.09,13.60
normal,9,relic,1,1603238.68,526436.58,789654.87,406791.90,406791.90,1603238.68,4289543.00,35255760.00,18873989.20,8.15,35.85,2.68,11.77,0.54,2.39,8.15,35.85,2.68,11.77
normal,9,repair,5,2183132.16,711357.67,269825.32,956653.42,956653.42,2183132.16,4859258.60,42736576.00,21380737.84,6.76,29.72,2.20,9.69,0.45,1.98,6.58,28.94,2.14,9.43
normal,9,salvage,3,1684954.77,1327540.12,868007.00,408473.88,408473.88,1684954.77,5423218.67,47593946.67,23862162.13,4.00,17.58,3.15,13.85,0.26,1.17,4.53,19.91,3.57,15.69
normal,10,combat,22,2171649.13,1402264.87,310235.59,930706.77,930706.77,2171649.13,17519093.55,104359970.18,87595467.73,12.44,62.19,8.03,40.16,0.83,4.15,12.21,61.02,7.88,39.41
normal,10,courier,8,1932592.49,825269.23,156696.69,887947.90,887947.90,1932592.49,13941727.75,74243599.00,69708638.75,16.89,84.45,7.21,36.06,1.13,5.63,16.86,84.30,7.20,35.99
normal,10,gas,3,1479548.30,1217047.80,906819.93,286364.19,286364.19,1479548.30,17310113.67,103836409.33,86550568.33,14.08,70.38,11.58,57.90,0.94,4.69,13.28,66.40,10.92,54.62
normal,10,hunting,3,1604501.58,1308285.90,863962.39,370269.60,370269.60,1604501.58,17600960.33,106403450.67,88004801.67,13.36,66.78,10.89,54.45,0.89,4.45,12.87,64.33,10.49,52.45
normal,10,mining,6,1580824.66,1325852.94,968892.53,305966.06,305966.06,1580824.66,18205162.67,111954233.33,91025813.33,13.64,68.18,11.44,57.18,0.91,4.55,13.26,66.25,11.11,55.57
normal,10,relic,1,1655912.29,543732.39,815598.59,420156.85,420156.85,1655912.29,16851352.00,94220848.00,84256760.00,30.99,154.96,10.18,50.88,2.07,10.33,30.99,154.96,10.18,50.88
normal,10,repair,5,2158243.23,703247.80,266749.16,945747.03,945747.03,2158243.23,17422828.40,104983273.60,87114142.00,24.68,123.40,8.04,40.21,1.65,8.23,23.94,119.72,7.80,39.01
normal,10,salvage,3,1837011.26,1447342.20,946339.13,445336.06,445336.06,1837011.26,20428316.67,129337650.67,102141583.33,13.95,69.74,10.99,54.94,0.93,4.65,14.73,73.63,11.60,58.01
quick,2,combat,9,4028.23,2601.08,575.46,1726.38,1726.38,4028.23,8901.11,17802.22,11571.44,3.40,4.42,2.19,2.85,0.34,0.44,3.54,4.60,2.29,2.97
quick,2,courier,39,3864.96,1650.44,313.37,1775.79,1775.79,3864.96,6309.74,12619.49,8202.67,3.78,4.92,1.62,2.10,0.38,0.49,3.95,5.14,1.69,2.19
quick,2,hunting,1,3064.17,2498.48,1649.94,707.12,707.12,3064.17,9960.00,19920.00,12948.00,3.99,5.18,3.25,4.23,0.40,0.52,3.99,5.18,3.25,4.23
quick,2,mining,1,2769.35,2322.68,1697.34,536.00,536.00,2769.35,9210.00,18420.00,11973.00,3.97,5.15,3.33,4.32,0.40,0.52,3.97,5.15,3.33,4.32
quick,2,salvage,1,3042.53,2397.15,1567.37,737.58,737.58,3042.53,9920.00,19840.00,12896.00,4.14,5.38,3.26,4.24,0.41,0.54,4.14,5.38,3.26,4.24
quick,3,combat,11,8390.48,5417.85,1198.64,3595.92,3595.92,8390.48,22270.00,44540.00,33405.00,4.07,6.10,2.63,3.94,0.41,0.61,4.34,6.52,2.80,4.21
quick,3,courier,34,7847.29,3351.01,636.27,3605.51,3605.51,7847.29,15790.29,31580.59,23685.44,4.66,6.99,1.99,2.99,0.47,0.70,4.83,7.25,2.06,3.10
quick,3,gas,1,5946.26,4891.28,3644.48,1150.89,1150.89,5946.26,25980.00,51960.00,38970.00,5.31,7.97,4.37,6.55,0.53,0.80,5.31,7.97,4.37,6.55
quick,3,hunting,2,6259.45,5103.86,3370.48,1444.49,1444.49,6259.45,22340.00,44680.00,33510.00,4.33,6.50,3.53,5.29,0.43,0.65,4.33,6.50,3.53,5.29
quick,3,mining,2,5729.15,4805.09,3511.41,1108.87,1108.87,5729.15,20920.00,41840.00,31380.00,4.30,6.46,3.61,5.42,0.43,0.65,4.30,6.46,3.61,5.42
quick,3,salvage,1,6803.08,5360.00,3504.62,1649.23,1649.23,6803.08,27320.00,54640.00,40980.00,5.10,7.65,4.02,6.02,0.51,0.76,5.10,7.65,4.02,6.02
quick,4,combat,17,16585.77,10709.67,2369.39,7108.18,7108.18,16585.77,50826.47,199047.06,91487.65,4.68,8.42,3.02,5.43,0.47,0.84,4.40,7.92,2.84,5.11
quick,4,courier,22,15500.48,6619.12,1256.79,7121.84,7121.84,15500.48,36624.09,144260.00,65923.36,5.51,9.91,2.35,4.23,0.55,0.99,5.13,9.25,2.19,3.95
quick,4,gas,2,11992.92,9865.15,7350.50,2321.21,2321.21,11992.92,55164.00,215236.00,99295.20,5.56,10.02,4.58,8.24,0.55,1.00,5.56,10.02,4.58,8.24
quick,4,hunting,2,12425.86,10131.85,6690.85,2867.51,2867.51,12425.86,53563.00,205532.00,96413.40,5.24,9.43,4.28,7.69,0.53,0.94,5.24,9.43,4.28,7.69
quick,4,mining,4,12030.73,10090.29,7373.67,2328.53,2328.53,12030.73,54630.75,205623.00,98335.35,5.36,9.65,4.50,8.10,0.54,0.96,5.38,9.68,4.50,8.12
quick,4,relic,1,12422.43,4079.01,6118.51,3151.96,3151.96,12422.43,44803.00,179212.00,80645.40,10.98,19.77,3.61,6.49,1.10,1.98,10.98,19.77,3.61,6.49
quick,4,salvage,3,12768.32,10059.89,6577.62,3095.35,3095.35,12768.32,56669.33,219984.00,102004.80,5.47,9.85,4.31,7.76,0.55,0.99,6.22,11.19,4.90,8.82
quick,5,combat,18,34110.11,22025.38,4872.87,14618.62,14618.62,34110.11,124089.50,490478.00,272996.90,5.55,12.22,3.59,7.89,0.46,1.02,5.26,11.57,3.40,7.47
quick,5,courier,15,32011.51,13669.78,2595.53,14707.99,14707.99,32011.51,88705.27,354143.73,195151.59,6.44,14.17,2.75,6.05,0.54,1.18,6.11,13.43,2.61,5.74
quick,5,gas,2,25461.89,20944.46,15605.67,4928.10,4928.10,25461.89,139445.50,552042.00,306780.10,6.62,14.55,5.45,11.97,0.55,1.21,6.62,14.55,5.45,11.97
quick,5,hunting,3,25357.76,20676.33,13654.18,5851.79,5851.79,25357.76,120533.67,469721.33,265174.07,5.67,12.49,4.63,10.18,0.47,1.04,5.38,11.84,4.39,9.66
quick,5,mining,5,24396.38,20461.48,14952.62,4721.88,4721.88,24396.38,123675.40,481565.60,272085.88,5.93,13.06,4.98,10.95,0.50,1.09,5.61,12.35,4.71,10.36
quick,5,relic,1,26024.12,8545.23,12817.85,6603.14,6603.14,26024.12,112208.00,448832.00,246857.60,13.13,28.89,4.31,9.49,1.09,2.41,13.13,28.89,4.31,9.49
quick,5,repair,4,31924.71,10402.43,3945.75,13989.48,13989.48,31924.71,103237.00,407998.00,227121.40,9.89,21.75,3.22,7.09,0.82,1.81,10.25,22.55,3.34,7.35
quick,5,salvage,3,25601.27,20170.70,13188.54,6206.37,6206.37,25601.27,132941.33,527365.33,292470.93,6.42,14.13,5.06,11.13,0.54,1.18,7.29,16.03,5.74,12.63
quick,6,combat,19,70869.70,45761.57,10124.24,30372.73,30372.73,70869.70,314762.95,1968583.79,818383.66,6.81,17.71,4.40,11.43,0.57,1.47,6.43,16.72,4.15,10.79
quick,6,courier,13,64444.58,27519.58,5225.24,29609.67,29609.67,64444.58,216173.15,1323653.85,562050.20,7.83,20.36,3.34,8.69,0.65,1.70,7.50,19.50,3.20,8.33
quick,6,gas,2,52395.71,43099.70,32113.50,10141.10,10141.10,52395.71,356664.50,2272200.00,927327.70,8.21,21.35,6.75,17.56,0.69,1.78,8.21,21.35,6.75,17.56
quick,6,hunting,3,51808.12,42243.54,27896.68,11955.72,11955.72,51808.12,305614.67,1916377.33,794598.13,7.08,18.41,5.77,15.01,0.59,1.54,6.77,17.61,5.52,14.36
quick,6,mining,6,48788.21,40919.14,29902.45,9442.88,9442.88,48788.21,307385.00,1969769.33,799201.00,7.41,19.26,6.21,16.15,0.62,1.60,7.16,18.64,6.01,15.63
quick,6,relic,1,52277.64,17165.79,25748.69,13264.48,13264.48,52277.64,273518.00,1586224.00,711146.80,15.93,41.43,5.23,13.60,1.33,3.45,15.93,41.43,5.23,13.60
quick,6,repair,4,67714.76,22064.36,8369.24,29672.76,29672.76,67714.76,264041.25,1634108.00,686507.25,11.94,31.05,3.89,10.12,1.00,2.59,12.13,31.54,3.96,10.28
quick,6,salvage,3,54317.56,42795.65,27981.77,13167.89,13167.89,54317.56,344646.33,2169050.67,896080.47,7.82,20.34,6.17,16.03,0.65,1.69,8.86,23.04,6.98,18.15
quick,7,combat,21,141091.37,91104.72,20155.91,60467.73,60467.73,141091.37,754079.00,4745902.10,2413052.80,8.16,26.11,5.27,16.86,0.68,2.18,7.92,25.33,5.11,16.36
quick,7,courier,11,134167.61,57293.20,10878.45,61644.58,61644.58,134167.61,562554.09,3453035.64,1800173.09,9.74,31.16,4.16,13.31,0.81,2.60,9.16,29.30,3.91,12.51
quick,7,gas,3,101360.41,83377.11,62124.12,19618.14,19618.14,101360.41,771407.67,4941461.33,2468504.53,9.00,28.80,7.40,23.69,0.75,2.40,8.38,26.83,6.90,22.07
quick,7,hunting,3,108699.95,88632.26,58530.74,25084.60,25084.60,108699.95,769451.00,4862453.33,2462243.20,8.52,27.27,6.95,22.23,0.71,2.27,8.01,25.62,6.53,20.89
quick,7,mining,5,104324.00,87497.55,63940.51,20191.74,20191.74,104324.00,824068.80,5344020.00,2637020.16,9.33,29.84,7.82,25.03,0.78,2.49,8.77,28.08,7.36,23.55
quick,7,relic,1,108305.34,35562.95,53344.42,27480.46,27480.46,108305.34,705210.00,4068280.00,2256672.00,19.83,63.46,6.51,20.84,1.65,5.29,19.83,63.46,6.51,20.84
quick,7,repair,4,140462.42,45768.65,17360.52,61550.94,61550.94,140462.42,683172.00,4207706.00,2186150.40,14.87,47.59,4.84,15.51,1.24,3.97,15.36,49.16,5.00,16.02
quick,7,salvage,3,112023.91,88261.26,57709.29,27157.31,27157.31,112023.91,867999.67,5475944.00,2777598.93,9.54,30.55,7.52,24.07,0.80,2.55,10.72,34.31,8.45,27.04
quick,8,combat,20,290633.98,187666.51,41519.14,124557.42,124557.42,290633.98,1933551.90,16699566.00,7347497.22,10.19,38.74,6.58,25.02,0.68,2.58,9.86,37.45,6.36,24.18
quick,8,courier,10,268386.52,114608.30,21761.07,123312.73,123312.73,268386.52,1449011.50,12434928.80,5506243.70,12.62,47.95,5.39,20.47,0.84,3.20,12.37,46.98,5.28,20.06
quick,8,gas,3,201626.80,165854.30,123577.71,39024.54,39024.54,201626.80,1917399.00,16629528.00,7286116.20,11.28,42.86,9.28,35.26,0.75,2.86,9.89,37.57,8.13,30.90
quick,8,hunting,3,219107.27,178656.70,117980.84,50563.22,50563.22,219107.27,1950598.67,16912493.33,7412274.93,10.70,40.64,8.72,33.14,0.71,2.71,9.92,37.68,8.08,30.72
quick,8,mining,6,212199.17,177973.50,130057.55,41070.81,41070.81,212199.17,2082979.67,18177673.33,7915322.73,11.48,43.62,9.63,36.58,0.77,2.91,11.05,42.00,9.27,35.22
quick,8,relic,1,221908.79,72865.57,109298.36,56305.22,56305.22,221908.79,1889969.00,15449864.00,7181882.20,25.94,98.56,8.52,32.36,1.73,6.57,25.94,98.56,8.52,32.36
quick,8,repair,5,295087.39,96152.07,36471.48,129307.96,129307.96,295087.39,1953762.00,16938979.20,7424295.60,20.08,76.29,6.54,24.86,1.34,5.09,18.52,70.37,6.03,22.93
quick,8,salvage,3,237435.25,187070.20,122315.13,57560.06,57560.06,237435.25,2348749.67,20296746.67,8925248.73,12.27,46.62,9.67,36.73,0.82,3.11,13.73,52.17,10.82,41.10
quick,9,combat,21,612351.10,395403.85,87478.73,262436.19,262436.19,612351.10,4830001.10,42081738.29,21252004.82,12.06,53.06,7.79,34.26,0.80,3.54,11.64,51.23,7.52,33.08
quick,9,courier,9,559252.29,238815.84,45344.78,256953.75,256953.75,559252.29,3543036.33,30437872.89,15589359.87,14.74,64.88,6.30,27.70,0.98,4.32,14.09,62.00,6.02,26.48
quick,9,gas,3,431944.91,355309.52,264740.43,83602.24,83602.24,431944.91,4816589.00,42488829.33,21192991.60,13.34,58.71,10.98,48.30,0.89,3.91,12.18,53.59,10.02,44.09
quick,9,hunting,3,457170.23,372769.57,246168.59,105500.82,105500.82,457170.23,4892805.00,42969333.33,21528342.00,12.89,56.73,10.51,46.26,0.86,3.78,12.37,54.43,10.09,44.38
quick,9,mining,6,432100.84,362407.16,264836.00,83632.42,83632.42,432100.84,4950802.67,43634753.33,21783531.73,13.38,58.88,11.22,49.38,0.89,3.93,12.98,57.10,10.88,47.89
quick,9,relic,1,455319.79,149507.99,224261.98,115528.90,115528.90,455319.79,4289543.00,35255760.00,18873989.20,28.69,126.24,9.42,41.45,1.91,8.42,28.69,126.24,9.42,41.45
quick,9,repair,5,620009.53,202025.58,76630.39,271689.57,271689.57,620009.53,4859258.60,42736576.00,21380737.84,23.79,104.66,7.75,34.11,1.59,6.98,23.16,101.91,7.55,33.21
quick,9,salvage,3,478527.15,377021.39,246513.99,116006.58,116006.58,478527.15,5423218.67,47593946.67,23862162.13,14.07,61.90,11.08,48.77,0.94,4.12,15.94,70.11,12.55,55.24
quick,10,combat,22,1259556.50,813313.62,179936.64,539809.93,539809.93,1259556.50,17519093.55,104359970.18,87595467.73,21.45,107.22,13.85,69.24,1.43,7.15,21.05,105.21,13.59,67.94
quick,10,courier,8,1128850.64,482049.73,91528.43,518661.10,518661.10,1128850.64,13941727.75,74243599.00,69708638.75,28.92,144.60,12.35,61.75,1.93,9.64,28.75,143.72,12.28,61.37
quick,10,gas,3,858138.01,705887.72,525955.56,166091.23,166091.23,858138.01,17310113.67,103836409.33,86550568.33,24.27,121.35,19.96,99.82,1.62,8.09,22.90,114.48,18.83,94.17
quick,10,hunting,3,930610.92,758805.83,501098.19,214756.37,214756.37,930610.92,17600960.33,106403450.67,88004801.67,23.03,115.13,18.78,93.88,1.53,7.67,22.18,110.91,18.09,90.43
quick,10,mining,6,916878.30,768994.71,561957.67,177460.32,177460.32,916878.30,18205162.67,111954233.33,91025813.33,23.51,117.55,19.72,98.59,1.57,7.84,22.84,114.23,19.16,95.81
quick,10,relic,1,960429.13,315364.79,473047.18,243690.97,243690.97,960429.13,16851352.00,94220848.00,84256760.00,53.43,267.17,17.55,87.73,3.56,17.81,53.43,267.17,17.55,87.73
quick,10,repair,5,1251781.08,407883.72,154714.52,548533.28,548533.28,1251781.08,17422828.40,104983273.60,87114142.00,42.55,212.76,13.87,69.33,2.84,14.18,41.28,206.41,13.45,67.26
quick,10,salvage,3,1065466.53,839458.48,548876.70,258294.91,258294.91,1065466.53,20428316.67,129337650.67,102141583.33,24.05,120.23,18.95,94.73,1.60,8.01,25.39,126.95,20.00,100.02
