rank,quick_base_fe,ship_xp_base,base_sorties,fe_scale_multiplier,notes_ru
2,2200.00,100,10,10,Быстрая миссия адаптируется под ранг и профиль корабля; база взята из rank_budget в новой FE-деноминации.
3,4400.00,200,10,10,Быстрая миссия адаптируется под ранг и профиль корабля; база взята из rank_budget в новой FE-деноминации.
4,8700.00,400,10,10,Быстрая миссия адаптируется под ранг и профиль корабля; база взята из rank_budget в новой FE-деноминации.
5,17400.00,800,12,10,Быстрая миссия адаптируется под ранг и профиль корабля; база взята из rank_budget в новой FE-деноминации.
6,35000.00,1600,12,10,Быстрая миссия адаптируется под ранг и профиль корабля; база взята из rank_budget в новой FE-деноминации.
7,70000.00,3200,12,10,Быстрая миссия адаптируется под ранг и профиль корабля; база взята из rank_budget в новой FE-деноминации.
8,140000.00,6400,15,10,Быстрая миссия адаптируется под ранг и профиль корабля; база взята из rank_budget в новой FE-деноминации.
9,284000.00,12800,15,10,Быстрая миссия адаптируется под ранг и профиль корабля; база взята из rank_budget в новой FE-деноминации.
10,580000.00,25600,15,10,Быстрая миссия адаптируется под ранг и профиль корабля; база взята из rank_budget в новой FE-деноминации.
