rank,budget_buy_fe,budget_sorties,budget_replacement_fe_per_sortie,normal_mission_fe,danger_mission_fe,required_realization_normal,required_realization_danger,current_ship_tree_avg_buy_fe,current_ship_tree_replacement_fe_per_sortie,notes_ru
R2,1000,10,100,380,550,0.26,0.18,13627,1363,"Ранний ранг должен окупаться даже при слабой базе."
R3,2500,10,250,760,1100,0.33,0.23,36745,3675,"Последний почти безболезненный слой."
R4,6300,10,630,1500,2200,0.42,0.29,93216,9322,"Первый мягкий экономический зажим."
R5,16000,12,1333,3000,4350,0.44,0.31,219588,18299,"Первые серьезные проблемы без базы и рецептов."
R6,40000,12,3333,6000,8700,0.56,0.38,514902,42909,"Средняя экономика требует профильной деятельности."
R7,100000,12,8333,12000,17400,0.69,0.48,1234314,102859,"Устойчивость требует знаний и хорошей переработки."
R8,250000,15,16667,24000,34800,0.69,0.48,2950000,196667,"Хороший ранг для раннего бустера, но не для ранней устойчивости."
R9,625000,15,41667,49000,71000,0.85,0.59,6730392,448693,"Поздний T1 требует развитых рынков и danger/elite."
R10,1560000,15,104000,100000,145000,1.04,0.72,15331373,1022092,"Топ T1 не должен уверенно жить на простом normal без меты."
