rank,ship_class_id,economy_level,ship_count,min_total_fe,avg_total_fe,median_total_fe,max_total_fe,avg_discountable_fe,avg_license_fe
2,battleship,0,12,18420.00,20015.00,19880.00,21340.00,20015.00,0.00
2,battleship,1,12,16690.00,18163.33,18025.00,19380.00,18163.33,0.00
2,battleship,2,12,14810.00,16155.83,16130.00,17160.00,16155.83,0.00
2,battleship,3,12,13030.00,14173.33,14065.00,15150.00,14173.33,0.00
2,battleship,4,12,11150.00,12165.83,12180.00,12930.00,12165.83,0.00
2,battleship,5,12,9210.00,10007.50,9940.00,10670.00,10007.50,0.00
2,cruiser,0,23,12600.00,13670.43,13580.00,15180.00,13670.43,0.00
2,cruiser,1,23,11550.00,12488.26,12480.00,13810.00,12488.26,0.00
2,cruiser,2,23,10340.00,11133.04,11080.00,12270.00,11133.04,0.00
2,cruiser,3,23,8960.00,9765.22,9680.00,10720.00,9765.22,0.00
2,cruiser,4,23,7750.00,8410.00,8390.00,9180.00,8410.00,0.00
2,cruiser,5,23,6300.00,6835.22,6790.00,7590.00,6835.22,0.00
2,frigate,0,16,9040.00,9747.50,9660.00,10420.00,9747.50,0.00
2,frigate,1,16,8310.00,8944.38,8930.00,9510.00,8944.38,0.00
2,frigate,2,16,7450.00,8016.25,8035.00,8520.00,8016.25,0.00
2,frigate,3,16,6700.00,7019.38,6975.00,7430.00,7019.38,0.00
2,frigate,4,16,5780.00,6091.25,6110.00,6380.00,6091.25,0.00
2,frigate,5,16,4520.00,4873.75,4830.00,5210.00,4873.75,0.00
3,battleship,0,12,50000.00,53213.33,53830.00,56540.00,53213.33,0.00
3,battleship,1,12,45100.00,48051.67,48690.00,50970.00,48051.67,0.00
3,battleship,2,12,40170.00,42741.67,43235.00,45340.00,42741.67,0.00
3,battleship,3,12,35090.00,37375.00,37885.00,39620.00,37375.00,0.00
3,battleship,4,12,30160.00,32065.00,32445.00,33990.00,32065.00,0.00
3,battleship,5,12,25000.00,26606.67,26915.00,28270.00,26606.67,0.00
3,cruiser,0,23,32420.00,34765.22,34980.00,36300.00,34765.22,0.00
3,cruiser,1,23,29280.00,31469.13,31640.00,32840.00,31469.13,0.00
3,cruiser,2,23,25990.00,27996.52,28130.00,29210.00,27996.52,0.00
3,cruiser,3,23,22810.00,24520.43,24760.00,25540.00,24520.43,0.00
3,cruiser,4,23,19520.00,21047.83,21170.00,21920.00,21047.83,0.00
3,cruiser,5,23,16210.00,17382.61,17490.00,18150.00,17382.61,0.00
3,frigate,0,16,23000.00,25322.50,25650.00,27180.00,25322.50,0.00
3,frigate,1,16,20730.00,22981.88,23215.00,24560.00,22981.88,0.00
3,frigate,2,16,18440.00,20461.25,20695.00,21950.00,20461.25,0.00
3,frigate,3,16,16150.00,17888.75,18035.00,19180.00,17888.75,0.00
3,frigate,4,16,13860.00,15368.12,15515.00,16490.00,15368.12,0.00
3,frigate,5,16,11500.00,12661.25,12825.00,13590.00,12661.25,0.00
4,battleship,0,12,238740.00,258178.00,257950.00,277068.00,258178.00,0.00
4,battleship,1,12,204156.00,221593.83,221428.00,238356.00,221593.83,0.00
4,battleship,2,12,163943.00,177480.00,177345.50,191478.00,177480.00,0.00
4,battleship,3,12,128029.00,137717.50,137640.50,147818.00,137717.50,0.00
4,battleship,4,12,96600.00,103433.83,103561.00,111405.00,103433.83,0.00
4,battleship,5,12,63735.00,66865.33,67362.00,71087.00,66865.33,0.00
4,cruiser,0,23,157812.00,172205.22,171720.00,190216.00,172205.22,0.00
4,cruiser,1,23,135038.00,148523.09,147501.00,163001.00,148523.09,0.00
4,cruiser,2,23,108298.00,118102.00,117647.00,129430.00,118102.00,0.00
4,cruiser,3,23,84621.00,92103.48,91889.00,101212.00,92103.48,0.00
4,cruiser,4,23,63552.00,68511.70,68200.00,75158.00,68511.70,0.00
4,cruiser,5,23,41189.00,43961.74,44040.00,48964.00,43961.74,0.00
4,frigate,0,16,112164.00,125116.00,126058.00,134136.00,125116.00,0.00
4,frigate,1,16,96682.00,108462.00,109288.00,116887.00,108462.00,0.00
4,frigate,2,16,76934.00,86099.50,86951.50,93788.00,86099.50,0.00
4,frigate,3,16,60468.00,67252.31,67672.00,72077.00,67252.31,0.00
4,frigate,4,16,45072.00,49917.94,50484.00,54207.00,49917.94,0.00
4,frigate,5,16,29061.00,31691.50,31767.00,34166.00,31691.50,0.00
5,battleship,0,12,618908.00,648648.33,648718.00,688052.00,648648.33,0.00
5,battleship,1,12,527831.00,555091.83,555291.00,588902.00,555091.83,0.00
5,battleship,2,12,422504.00,443397.92,443770.50,472236.00,443397.92,0.00
5,battleship,3,12,327682.00,343066.50,342731.00,363420.00,343066.50,0.00
5,battleship,4,12,244888.00,256556.83,256640.00,273086.00,256556.83,0.00
5,battleship,5,12,158776.00,165125.42,163999.50,175233.00,165125.42,0.00
5,cruiser,0,23,395984.00,434323.83,437200.00,467508.00,434323.83,0.00
5,cruiser,1,23,341951.00,372976.35,376254.00,402295.00,372976.35,0.00
5,cruiser,2,23,270893.00,296207.30,297952.00,319494.00,296207.30,0.00
5,cruiser,3,23,212896.00,230473.00,231574.00,247822.00,230473.00,0.00
5,cruiser,4,23,157432.00,171052.39,172336.00,184608.00,171052.39,0.00
5,cruiser,5,23,100462.00,109677.48,109300.00,118954.00,109677.48,0.00
5,frigate,0,16,289564.00,309470.50,307736.00,329240.00,309470.50,0.00
5,frigate,1,16,247986.00,266863.06,267035.00,283482.00,266863.06,0.00
5,frigate,2,16,197333.00,211476.56,212702.50,225174.00,211476.56,0.00
5,frigate,3,16,152848.00,164616.44,164700.50,174923.00,164616.44,0.00
5,frigate,4,16,113684.00,121799.38,122326.00,129814.00,121799.38,0.00
5,frigate,5,16,72391.00,77684.50,77541.50,82310.00,77684.50,0.00
6,battleship,0,12,2519808.00,2646739.33,2630012.00,2758704.00,2646739.33,0.00
6,battleship,1,12,2122564.00,2214429.58,2211740.50,2323026.00,2214429.58,0.00
6,battleship,2,12,1538890.00,1606397.00,1613792.00,1677886.00,1606397.00,0.00
6,battleship,3,12,1094373.00,1146505.17,1143218.00,1193367.00,1146505.17,0.00
6,battleship,4,12,727898.00,762897.50,765506.00,791222.00,762897.50,0.00
6,battleship,5,12,390133.00,411117.17,412672.00,428071.00,411117.17,0.00
6,cruiser,0,23,1586224.00,1742904.35,1761704.00,1879088.00,1742904.35,0.00
6,cruiser,1,23,1359965.00,1475222.74,1478818.00,1577810.00,1475222.74,0.00
6,cruiser,2,23,1000673.00,1075873.52,1074006.00,1155028.00,1075873.52,0.00
6,cruiser,3,23,720431.00,775523.09,773730.00,831587.00,775523.09,0.00
6,cruiser,4,23,489554.00,520320.35,520014.00,562898.00,520320.35,0.00
6,cruiser,5,23,262824.00,281786.04,282470.00,303571.00,281786.04,0.00
6,frigate,0,16,1074176.00,1219054.75,1214104.00,1356584.00,1219054.75,0.00
6,frigate,1,16,938615.00,1051440.38,1051554.50,1170333.00,1051440.38,0.00
6,frigate,2,16,712744.00,779963.06,770828.00,859971.00,779963.06,0.00
6,frigate,3,16,509411.00,559163.25,558687.50,619523.00,559163.25,0.00
6,frigate,4,16,350644.00,384798.50,385502.00,416110.00,384798.50,0.00
6,frigate,5,16,181697.00,200897.94,198548.00,222620.00,200897.94,0.00
7,battleship,0,12,6099336.00,6771307.00,6778508.00,7350528.00,6771307.00,0.00
7,battleship,1,12,5103649.00,5619028.33,5657865.00,6096641.00,5619028.33,0.00
7,battleship,2,12,3701296.00,4054668.83,4095054.50,4387918.00,4054668.83,0.00
7,battleship,3,12,2655905.00,2885691.25,2906754.00,3107301.00,2885691.25,0.00
7,battleship,4,12,1763648.00,1902944.00,1919510.00,2058166.00,1902944.00,0.00
7,battleship,5,12,973289.00,1042974.08,1041420.50,1128498.00,1042974.08,0.00
7,cruiser,0,23,3972728.00,4392302.26,4385952.00,4967120.00,4392302.26,0.00
7,cruiser,1,23,3294077.00,3658571.96,3662912.00,4115759.00,3658571.96,0.00
7,cruiser,2,23,2387967.00,2652019.91,2656427.00,2969351.00,2652019.91,0.00
7,cruiser,3,23,1707678.00,1913306.09,1920147.00,2119356.00,1913306.09,0.00
7,cruiser,4,23,1127404.00,1271795.48,1269130.00,1398568.00,1271795.48,0.00
7,cruiser,5,23,615538.00,707006.22,705414.00,765720.00,707006.22,0.00
7,frigate,0,16,2810856.00,3051717.50,3031988.00,3393944.00,3051717.50,0.00
7,frigate,1,16,2383517.00,2570450.94,2547889.50,2824610.00,2570450.94,0.00
7,frigate,2,16,1748568.00,1874557.56,1857700.50,2028808.00,1874557.56,0.00
7,frigate,3,16,1258563.00,1353937.69,1353652.50,1462286.00,1353937.69,0.00
7,frigate,4,16,843398.00,907183.25,908073.00,967968.00,907183.25,0.00
7,frigate,5,16,462265.00,501983.69,504096.00,542062.00,501983.69,0.00
8,battleship,0,12,22599008.00,24009786.67,24117100.00,25866824.00,24009786.67,0.00
8,battleship,1,12,19236681.00,20792520.00,20947818.00,22537263.00,20792520.00,0.00
8,battleship,2,12,13872713.00,14840653.50,14812866.00,16032472.00,14840653.50,0.00
8,battleship,3,12,9262858.00,9926067.33,9888259.50,10513141.00,9926067.33,0.00
8,battleship,4,12,6162394.00,6518652.50,6545163.00,6964388.00,6518652.50,0.00
8,battleship,5,12,2564636.00,2736288.50,2750460.50,2949260.00,2736288.50,0.00
8,cruiser,0,23,14119824.00,15447837.57,15333736.00,17659552.00,15447837.57,0.00
8,cruiser,1,23,12617627.00,13782201.74,13659690.00,15893472.00,13782201.74,0.00
8,cruiser,2,23,9071722.00,10078151.83,9990305.00,11771766.00,10078151.83,0.00
8,cruiser,3,23,6125414.00,6762090.52,6803190.00,7688466.00,6762090.52,0.00
8,cruiser,4,23,4124526.00,4572759.83,4574920.00,5274102.00,4572759.83,0.00
8,cruiser,5,23,1639441.00,1804436.39,1788151.00,2028098.00,1804436.39,0.00
8,frigate,0,16,10726112.00,11603125.50,11591520.00,12372888.00,11603125.50,0.00
8,frigate,1,16,9542660.00,10450604.69,10462045.00,11236497.00,10450604.69,0.00
8,frigate,2,16,7207678.00,7846038.62,7845207.00,8515069.00,7846038.62,0.00
8,frigate,3,16,4782105.00,5401911.62,5475314.00,5786383.00,5401911.62,0.00
8,frigate,4,16,3362580.00,3772838.38,3800557.00,4074076.00,3772838.38,0.00
8,frigate,5,16,1269420.00,1351909.56,1349752.00,1435697.00,1351909.56,0.00
9,battleship,0,12,55874680.00,59267370.67,59431724.00,63056984.00,59267370.67,0.00
9,battleship,1,12,47724308.00,49968307.83,49790462.50,52950975.00,49968307.83,0.00
9,battleship,2,12,32686071.00,34052043.58,34066817.00,36285953.00,34052043.58,0.00
9,battleship,3,12,21546402.00,22879968.42,22774054.00,24293603.00,22879968.42,0.00
9,battleship,4,12,13367832.00,14121772.00,14029390.00,15054680.00,14121772.00,0.00
9,battleship,5,12,6305353.00,6677385.92,6675318.00,7113294.00,6677385.92,0.00
9,cruiser,0,23,33763112.00,39586411.13,39605872.00,43635136.00,39586411.13,0.00
9,cruiser,1,23,29176162.00,33962565.48,34087811.00,36973082.00,33962565.48,0.00
9,cruiser,2,23,20036423.00,23361805.09,23539719.00,25223037.00,23361805.09,0.00
9,cruiser,3,23,13358835.00,15592565.13,15452849.00,17048949.00,15592565.13,0.00
9,cruiser,4,23,8336802.00,9734729.04,9875646.00,10568586.00,9734729.04,0.00
9,cruiser,5,23,3872361.00,4569424.13,4570443.00,4922853.00,4569424.13,0.00
9,frigate,0,16,26179776.00,27866559.00,27922168.00,29764088.00,27866559.00,0.00
9,frigate,1,16,22909640.00,24446738.31,24797026.00,25956804.00,24446738.31,0.00
9,frigate,2,16,15910808.00,16977233.69,17184062.00,17983332.00,16977233.69,0.00
9,frigate,3,16,10667985.00,11377943.88,11287660.00,11999065.00,11377943.88,0.00
9,frigate,4,16,6654504.00,7205792.88,7204044.00,7548006.00,7205792.88,0.00
9,frigate,5,16,2966791.00,3236278.38,3230939.00,3425632.00,3236278.38,0.00
10,battleship,0,12,137652848.00,145908960.67,144903506.00,156381592.00,140308960.67,5600000.00
10,battleship,1,12,113978725.00,121726730.58,121022955.00,130891277.00,116126730.58,5600000.00
10,battleship,2,12,80196391.00,85692847.58,85109198.50,92222189.00,80092847.58,5600000.00
10,battleship,3,12,55515963.00,59153165.83,58873813.50,63131983.00,53553165.83,5600000.00
10,battleship,4,12,36797684.00,39167841.50,38962927.00,41764522.00,33567841.50,5600000.00
10,battleship,5,12,21149649.00,22214759.42,22052641.50,23492177.00,16614759.42,5600000.00
10,cruiser,0,23,94220848.00,100263884.35,99382200.00,109924544.00,94663884.35,5600000.00
10,cruiser,1,23,79390204.00,84625107.74,83860621.00,92798071.00,79025107.74,5600000.00
10,cruiser,2,23,56478859.00,60130403.70,59746877.00,65385671.00,54530403.70,5600000.00
10,cruiser,3,23,40076782.00,42455409.83,42298723.00,45734462.00,36855409.83,5600000.00
10,cruiser,4,23,27213834.00,28724203.74,28770258.00,30536418.00,23124203.74,5600000.00
10,cruiser,5,23,16107367.00,17039285.87,17090114.00,17856499.00,11439285.87,5600000.00
10,frigate,0,16,66209988.00,71405401.00,70985544.00,79812072.00,65805401.00,5600000.00
10,frigate,1,16,56668067.00,61155894.50,60459445.00,68143570.00,55555894.50,5600000.00
10,frigate,2,16,41195856.00,44059881.06,43552945.00,48918959.00,38459881.06,5600000.00
10,frigate,3,16,29733431.00,31498937.44,31207208.00,34328540.00,25898937.44,5600000.00
10,frigate,4,16,20830266.00,21914317.25,21728270.00,23681480.00,16314317.25,5600000.00
10,frigate,5,16,13121185.00,13605489.62,13505263.00,14503042.00,8005489.62,5600000.00
