block_id,local_name_ru,layer,recipe_inputs_ru,recipe_input_ids,notes_ru
power_block,Силовой блок,ship_block,"Оркит; двигатель; передача; насос; компрессор; балка; переборка; кожух; клавдий; фульгур; нульгаз; ядро; сервоядро; катушка","orkit;engine;transmission;pump;compressor;beam;bulkhead;cowling;claudium;fulgur;nulgas;automaton_core;automaton_servo_core;automaton_coil","Питание большого корабля собирается как отдельная машина: летный материал, тяга, газовая часть, корпусная защита и точные управляющие узлы."
propulsion_block,Ходовой блок,ship_block,"Двигатель; передача; гироскоп; привод; балка; палубная секция; кожух; инвар; арамид; ворвань; магний; ионид; калибровочная шестерня","engine;transmission;gyroscope;actuator;beam;deck_section;cowling;invar;aramid;leviathan_fat;magnesium;ionide;automaton_calibration_gear","Ходовой блок ест почти весь машинный слой: тягу, передачу, стабилизацию, силовые тяги, легкие материалы и смазку."
instrument_block,Приборный блок,ship_block,"Сенсор; вычислитель; гироскоп; кожух; палубная секция; стеклокерамика; текстолит; мельхиор; инвар; ионид; кварц; оптическая линза; реле; командный цилиндр; контактная гребенка","sensor;calculator;gyroscope;cowling;deck_section;glass_ceramic;textolite;melchior;invar;ionide;quartz;automaton_optic_lens;automaton_relay;automaton_command_cylinder;automaton_contact_comb","Приборный блок - это навигация, X-Ray, взлом и расчет огня в одном большом узле, поэтому он забирает много точных деталей."
weapon_block,Орудийный блок,ship_block,"Привод; вычислитель; гироскоп; бронелист; палубная секция; люк; булат; сталь; латунь; арамид; оружие; боевой комплект; сервошарнир; калибровочная шестерня","actuator;calculator;gyroscope;armor_plate;deck_section;hatch;bulat;steel;brass;aramid;weapon;munition_bundle;automaton_servo_joint;automaton_calibration_gear","Орудийный блок включает не только стволы, но и места башен, погреба, автоматику наведения, приводы и боезапас."
defense_block,Защитный блок,ship_block,"Бронелист; переборка; обшивка; люк; насос; сенсор; сталь; булат; бакелит; каучук; костяная мука; кислота; шкура; давлениемер","armor_plate;bulkhead;plating;hatch;pump;sensor;steel;bulat;bakelite;rubber;bone_grit;acid;leviathan_hide;automaton_pressure_gauge","Защитный блок съедает массу корпуса: броню, внутренние перегородки, аварийные насосы, датчики, изоляцию и живучие материалы."
cargo_block,Грузовой блок,ship_block,"Переборка; палубная секция; шлюз; люк; привод; насос; обшивка; электрон; каучук; латунь; магний; шкура; сервошарнир; реле","bulkhead;deck_section;airlock;hatch;actuator;pump;plating;elektron;rubber;brass;magnesium;leviathan_hide;automaton_servo_joint;automaton_relay","Грузовой блок - это не пустая коробка, а загрузка, створки, герметизация, крепления, складирование и быстрый доступ к добыче."
industry_block,Промысловый блок,ship_block,"Компрессор; насос; привод; сенсор; вычислитель; шлюз; кожух; палубная секция; бронелист; фторопласт; арамид; сухожилия; кислота; командный цилиндр; давлениемер; сервоядро","compressor;pump;actuator;sensor;calculator;airlock;cowling;deck_section;armor_plate;fluoroplastic;aramid;leviathan_sinew;acid;automaton_command_cylinder;automaton_pressure_gauge;automaton_servo_core","Промысловый блок собирает в себя добычу руды, газа, левиафанов и сальваж: там много силовой механики, химстойкости, датчиков и управляющих узлов."
hangar_block,Ангарный блок,ship_block,"Палубная секция; переборка; шлюз; люк; привод; сенсор; вычислитель; насос; обшивка; каучук; текстолит; механизмы; ядро; реле; контактная гребенка; сервошарнир","deck_section;bulkhead;airlock;hatch;actuator;sensor;calculator;pump;plating;rubber;textolite;mechanisms;automaton_core;automaton_relay;automaton_contact_comb;automaton_servo_joint","Ангарный блок нужен для дронов и сервисных машин, поэтому в нем много доступа, обслуживания, автоматики и точных узлов."

