sample_id,layer,source_id,item_id,amount,unit,value_fe,cargo_tons
S001,material,automaton_field,automaton_coil,1.000,pcs,280.00,0.0140
S001,material,automaton_field,automaton_contact_comb,1.000,pcs,240.00,0.0120
S001,intangible,combat_action,freight_fe,845.745,fe,845.75,0.0000
S001,intangible,combat_action,reputation_fe,57.666,fe,57.67,0.0000
S002,material,bluevein,copper,23.480,kg,704.41,0.0235
S002,material,bluevein,quartz,20.545,kg,616.36,0.0205
S002,material,bluevein,claudium,2.935,kg,352.20,0.0029
S002,material,bluevein,gems,0.294,kg,528.31,0.0003
S002,material,moon_salt,magnesium,2.112,kg,84.46,0.0021
S002,material,moon_salt,calcite,1.267,kg,50.68,0.0013
S002,material,moon_salt,sylvine,8.446,kg,422.32,0.0084
S002,material,moon_salt,claudium,2.112,kg,253.39,0.0021
S002,material,moon_salt,gems,0.084,kg,152.03,0.0001
S002,intangible,mining_action,freight_fe,603.586,fe,603.59,0.0000
S002,intangible,mining_action,reputation_fe,86.222,fe,86.22,0.0000
S003,material,dry_mist,aerosil,367.444,kg,7348.88,0.3674
S003,intangible,gas_action,freight_fe,1306.926,fe,1306.93,0.0000
S003,intangible,gas_action,reputation_fe,201.066,fe,201.07,0.0000
S004,material,acid_spitter,leviathan_meat,24.579,kg,368.69,0.0246
S004,material,acid_spitter,leviathan_fat,8.938,kg,715.04,0.0089
S004,material,acid_spitter,leviathan_hide,8.938,kg,5362.77,0.0089
S004,material,acid_spitter,acid,15.641,kg,2815.45,0.0156
S004,material,acid_spitter,leviathan_ichor,5.586,kg,2513.80,0.0056
S004,material,acid_spitter,amber,0.447,kg,1117.24,0.0004
S004,intangible,hunting_action,freight_fe,3913.988,fe,3913.99,0.0000
S004,intangible,hunting_action,reputation_fe,434.891,fe,434.89,0.0000
S005,material,automaton_field,automaton_brass_valve,14.000,pcs,5320.00,0.2660
S005,material,automaton_field,automaton_gyroscope,5.000,pcs,4750.00,0.2375
S005,material,automaton_field,automaton_brass_valve,27.000,pcs,10260.00,0.5130
S005,material,automaton_field,automaton_calibration_gear,12.000,pcs,8400.00,0.4200
S005,intangible,salvage_action,freight_fe,8223.979,fe,8223.98,0.0000
S005,intangible,salvage_action,reputation_fe,913.773,fe,913.77,0.0000
S006,material,chronograph_cabinet,relic_valuable,1.000,pcs,54225.65,0.6500
S006,intangible,relic_action,freight_fe,7270.120,fe,7270.12,0.0000
S006,intangible,relic_action,reputation_fe,3231.169,fe,3231.17,0.0000
S007,material,courier_contract,mechanisms,16.727,crate,10035.93,0.0836
S007,material,courier_contract,munition_bundle,7.665,crate,6898.57,0.0383
S007,material,courier_contract,weapon,3.113,crate,3735.43,0.0156
S007,material,courier_contract,perfcards,1.880,crate,4136.66,0.0019
S007,intangible,courier_action,freight_fe,51272.222,fe,51272.22,0.0000
S007,intangible,courier_action,reputation_fe,67294.796,fe,67294.80,0.0000
S008,material,repair_contract,mechanisms,57.522,crate,34512.98,0.2876
S008,material,repair_contract,munition_bundle,17.871,crate,16083.84,0.0894
S008,material,repair_contract,perfcards,5.517,crate,12138.29,0.0055
S008,material,repair_contract,nobel,4.496,crate,6743.39,0.0045
S008,intangible,repair_action,freight_fe,65294.624,fe,65294.62,0.0000
S008,intangible,repair_action,reputation_fe,166864.047,fe,166864.05,0.0000
S009,material,automaton_field,automaton_contact_comb,114.000,pcs,27360.00,1.3680
S009,material,automaton_field,automaton_pressure_gauge,54.000,pcs,35100.00,1.7550
S009,material,automaton_field,automaton_pressure_gauge,43.000,pcs,27950.00,1.3975
S009,material,automaton_field,automaton_gyroscope,29.000,pcs,27550.00,1.3775
S009,intangible,combat_action,freight_fe,311578.365,fe,311578.36,0.0000
S009,intangible,combat_action,reputation_fe,21243.975,fe,21243.98,0.0000
S010,material,salty_chalk,quartz,0.959,kg,28.78,0.0010
S010,material,salty_chalk,calcite,8.633,kg,345.32,0.0086
S010,material,salty_chalk,sylvine,6.714,kg,335.72,0.0067
S010,material,salty_chalk,gems,0.048,kg,86.33,0.0000
S010,material,coal_slag,iron,2.006,kg,40.12,0.0020
S010,material,coal_slag,quartz,2.006,kg,60.17,0.0020
S010,material,coal_slag,charcoal,84.244,kg,842.44,0.0842
S010,intangible,mining_action,freight_fe,316.819,fe,316.82,0.0000
S010,intangible,mining_action,reputation_fe,45.263,fe,45.26,0.0000
S011,material,dry_mist,aerosil,127.371,kg,2547.42,0.1274
S011,material,green_bloom,aerosil,5.213,kg,104.27,0.0052
S011,material,green_bloom,ionide,4.266,kg,1023.73,0.0043
S011,intangible,gas_action,freight_fe,610.555,fe,610.55,0.0000
S011,intangible,gas_action,reputation_fe,93.934,fe,93.93,0.0000
S012,material,acid_spitter,leviathan_meat,10.900,kg,163.51,0.0109
S012,material,acid_spitter,leviathan_fat,3.964,kg,317.10,0.0040
S012,material,acid_spitter,leviathan_hide,3.964,kg,2378.28,0.0040
S012,material,acid_spitter,acid,6.937,kg,1248.60,0.0069
S012,material,acid_spitter,leviathan_ichor,2.477,kg,1114.82,0.0025
S012,material,acid_spitter,amber,0.198,kg,495.48,0.0002
S012,material,grabber,leviathan_meat,0.960,kg,14.39,0.0010
S012,material,grabber,leviathan_fat,0.443,kg,35.43,0.0004
S012,material,grabber,leviathan_hide,0.369,kg,221.45,0.0004
S012,material,grabber,leviathan_sinew,0.664,kg,186.02,0.0007
S012,material,grabber,acid,0.148,kg,26.57,0.0001
S012,material,grabber,leviathan_ichor,0.148,kg,66.44,0.0001
S012,material,grabber,amber,0.018,kg,46.14,0.0000
S012,intangible,hunting_action,freight_fe,1755.868,fe,1755.87,0.0000
S012,intangible,hunting_action,reputation_fe,195.093,fe,195.09,0.0000
S013,material,automaton_field,automaton_relay,18.000,pcs,3600.00,0.1800
S013,material,automaton_field,automaton_optic_lens,4.000,pcs,3600.00,0.1800
S013,material,automaton_field,automaton_calibration_gear,4.000,pcs,2800.00,0.1400
S013,material,automaton_field,automaton_pressure_gauge,7.000,pcs,4550.00,0.2275
S013,intangible,salvage_action,freight_fe,4129.827,fe,4129.83,0.0000
S013,intangible,salvage_action,reputation_fe,458.870,fe,458.87,0.0000
S014,material,sealed_tube,relic_cheap,1.000,pcs,25272.48,0.0450
S014,intangible,relic_action,freight_fe,3404.532,fe,3404.53,0.0000
S014,intangible,relic_action,reputation_fe,1513.127,fe,1513.13,0.0000
S015,material,courier_contract,mechanisms,9.206,crate,5523.46,0.0460
S015,material,courier_contract,munition_bundle,3.408,crate,3066.99,0.0170
S015,material,courier_contract,weapon,1.320,crate,1584.00,0.0066
S015,material,courier_contract,perfcards,0.749,crate,1647.00,0.0007
S015,intangible,courier_action,freight_fe,23046.860,fe,23046.86,0.0000
S015,intangible,courier_action,reputation_fe,30249.005,fe,30249.00,0.0000
S016,material,repair_contract,mechanisms,36.172,crate,21703.29,0.1809
S016,material,repair_contract,munition_bundle,9.851,crate,8866.13,0.0493
S016,material,repair_contract,perfcards,3.115,crate,6852.59,0.0031
S016,material,repair_contract,nobel,2.481,crate,3721.00,0.0025
S016,intangible,repair_action,freight_fe,34424.774,fe,34424.77,0.0000
S016,intangible,repair_action,reputation_fe,87974.433,fe,87974.43,0.0000
S017,material,automaton_field,automaton_mainspring,15.000,pcs,8250.00,0.4125
S017,material,automaton_field,automaton_command_cylinder,5.000,pcs,6500.00,0.3125
S017,material,automaton_field,automaton_servo_joint,22.000,pcs,17600.00,0.8800
S017,material,automaton_field,automaton_mainspring,18.000,pcs,9900.00,0.4950
S017,material,automaton_field,automaton_contact_comb,60.000,pcs,14400.00,0.7200
S017,intangible,combat_action,freight_fe,159935.889,fe,159935.89,0.0000
S017,intangible,combat_action,reputation_fe,10904.718,fe,10904.72,0.0000
S018,material,light_tuff,magnesium,10003.903,kg,400156.11,10.0039
S018,material,light_tuff,quartz,4001.561,kg,120046.83,4.0016
S018,material,light_tuff,calcite,2000.781,kg,80031.22,2.0008
S018,material,light_tuff,gems,50.020,kg,90035.13,0.0500
S018,intangible,mining_action,freight_fe,128116.612,fe,128116.61,0.0000
S018,intangible,mining_action,reputation_fe,18302.372,fe,18302.37,0.0000
S019,material,courier_contract,mechanisms,0.274,crate,164.17,0.0014
S019,material,courier_contract,munition_bundle,0.076,crate,68.30,0.0004
S019,material,courier_contract,weapon,0.050,crate,60.00,0.0003
S019,material,courier_contract,perfcards,0.050,crate,110.00,0.0001
S019,intangible,courier_action,freight_fe,698.418,fe,698.42,0.0000
S019,intangible,courier_action,reputation_fe,916.673,fe,916.67,0.0000
S020,material,fat_whale_calf,leviathan_meat,8.195,kg,122.93,0.0082
S020,material,fat_whale_calf,leviathan_fat,6.658,kg,532.68,0.0067
S020,material,fat_whale_calf,leviathan_hide,2.561,kg,1536.57,0.0026
S020,material,fat_whale_calf,leviathan_sinew,1.280,kg,358.53,0.0013
S020,material,fat_whale_calf,leviathan_ichor,0.512,kg,230.49,0.0005
S020,material,fat_whale_calf,amber,0.256,kg,640.24,0.0003
S020,material,armored_whale,leviathan_meat,0.578,kg,8.67,0.0006
S020,material,armored_whale,leviathan_fat,0.368,kg,29.44,0.0004
S020,material,armored_whale,leviathan_hide,0.368,kg,220.81,0.0004
S020,material,armored_whale,leviathan_sinew,0.210,kg,58.88,0.0002
S020,material,armored_whale,bone_grit,0.105,kg,3.15,0.0001
S020,material,armored_whale,leviathan_ichor,0.105,kg,47.32,0.0001
S020,material,armored_whale,amber,0.032,kg,78.86,0.0000
S020,intangible,hunting_action,freight_fe,973.072,fe,973.07,0.0000
S020,intangible,hunting_action,reputation_fe,108.118,fe,108.12,0.0000
S021,material,automaton_field,automaton_gyroscope,2.000,pcs,1900.00,0.0950
S021,material,automaton_field,automaton_relay,7.000,pcs,1400.00,0.0700
S021,material,automaton_field,automaton_servo_joint,2.000,pcs,1600.00,0.0800
S021,intangible,salvage_action,freight_fe,1220.095,fe,1220.09,0.0000
S021,intangible,salvage_action,reputation_fe,135.566,fe,135.57,0.0000
S022,material,pilot_globe,relic_valuable,1.000,pcs,11849.66,0.4200
S022,intangible,relic_action,freight_fe,1555.187,fe,1555.19,0.0000
S022,intangible,relic_action,reputation_fe,691.194,fe,691.19,0.0000
S023,material,courier_contract,mechanisms,3.700,crate,2219.90,0.0185
S023,material,courier_contract,munition_bundle,1.326,crate,1193.49,0.0066
S023,material,courier_contract,weapon,0.785,crate,941.42,0.0039
S023,material,courier_contract,perfcards,0.312,crate,686.88,0.0003
S023,intangible,courier_action,freight_fe,11328.753,fe,11328.75,0.0000
S023,intangible,courier_action,reputation_fe,14868.981,fe,14868.98,0.0000
S024,material,repair_contract,mechanisms,17.763,crate,10658.00,0.0888
S024,material,repair_contract,munition_bundle,4.064,crate,3657.41,0.0203
S024,material,repair_contract,perfcards,1.180,crate,2595.11,0.0012
S024,material,repair_contract,nobel,1.155,crate,1732.28,0.0012
S024,intangible,repair_action,freight_fe,14377.525,fe,14377.52,0.0000
S024,intangible,repair_action,reputation_fe,36742.550,fe,36742.55,0.0000
S025,material,automaton_field,automaton_coil,18.000,pcs,5040.00,0.2520
S025,material,automaton_field,automaton_command_cylinder,7.000,pcs,9100.00,0.4375
S025,material,automaton_field,automaton_contact_comb,19.000,pcs,4560.00,0.2280
S025,material,automaton_field,automaton_pressure_gauge,11.000,pcs,7150.00,0.3575
S025,material,automaton_field,automaton_pressure_gauge,11.000,pcs,7150.00,0.3575
S025,intangible,combat_action,freight_fe,78788.170,fe,78788.17,0.0000
S025,intangible,combat_action,reputation_fe,5371.922,fe,5371.92,0.0000
S026,material,automaton_field,automaton_servo_joint,91.000,pcs,72800.00,3.6400
S026,material,automaton_field,automaton_coil,123.000,pcs,34440.00,1.7220
S026,material,automaton_field,automaton_coil,154.000,pcs,43120.00,2.1560
S026,material,automaton_field,automaton_contact_comb,66.000,pcs,15840.00,0.7920
S026,intangible,combat_action,freight_fe,481220.277,fe,481220.28,0.0000
S026,intangible,combat_action,reputation_fe,32810.470,fe,32810.47,0.0000
S027,material,medyanka,copper,8574.549,kg,257236.46,8.5745
S027,material,medyanka,magnesium,714.546,kg,28581.83,0.7145
S027,material,medyanka,quartz,1786.364,kg,53590.93,1.7864
S027,material,medyanka,gems,35.727,kg,64309.12,0.0357
S027,material,green_vein,copper,3732.314,kg,111969.41,3.7323
S027,material,green_vein,magnesium,2399.345,kg,95973.78,2.3993
S027,material,green_vein,quartz,533.188,kg,15995.63,0.5332
S027,material,green_vein,sylvine,1066.375,kg,53318.77,1.0664
S027,material,green_vein,gems,79.978,kg,143960.67,0.0800
S027,intangible,mining_action,freight_fe,162136.927,fe,162136.93,0.0000
S027,intangible,mining_action,reputation_fe,23162.420,fe,23162.42,0.0000
S028,material,claudic_wisp,vespar,1516.753,kg,121340.22,1.5168
S028,material,claudic_wisp,nulgas,1011.168,kg,606701.10,1.0112
S028,material,thermal_breath,fulgur,575.181,kg,103532.65,0.5752
S028,material,thermal_breath,aerosil,143.795,kg,2875.91,0.1438
S028,intangible,gas_action,freight_fe,143186.848,fe,143186.85,0.0000
S028,intangible,gas_action,reputation_fe,22028.750,fe,22028.75,0.0000
S029,material,fat_whale_calf,leviathan_meat,1559.024,kg,23385.35,1.5590
S029,material,fat_whale_calf,leviathan_fat,1266.707,kg,101336.53,1.2667
S029,material,fat_whale_calf,leviathan_hide,487.195,kg,292316.91,0.4872
S029,material,fat_whale_calf,leviathan_sinew,243.597,kg,68207.28,0.2436
S029,material,fat_whale_calf,leviathan_ichor,97.439,kg,43847.54,0.0974
S029,material,fat_whale_calf,amber,48.719,kg,121798.71,0.0487
S029,material,swiftling,leviathan_meat,118.353,kg,1775.30,0.1184
S029,material,swiftling,leviathan_fat,60.868,kg,4869.40,0.0609
S029,material,swiftling,leviathan_hide,27.052,kg,16231.34,0.0271
S029,material,swiftling,leviathan_sinew,16.908,kg,4734.14,0.0169
S029,material,swiftling,leviathan_ichor,6.763,kg,3043.38,0.0068
S029,material,swiftling,amber,0.676,kg,1690.76,0.0007
S029,intangible,hunting_action,freight_fe,207028.282,fe,207028.28,0.0000
S029,intangible,hunting_action,reputation_fe,23003.147,fe,23003.15,0.0000
S030,material,automaton_field,automaton_command_cylinder,220.000,pcs,286000.00,13.7500
S030,material,automaton_field,automaton_optic_lens,307.000,pcs,276300.00,13.8150
S030,material,automaton_field,automaton_relay,1430.000,pcs,286000.00,14.3000
S030,material,automaton_field,automaton_gyroscope,131.000,pcs,124450.00,6.2225
S030,intangible,salvage_action,freight_fe,238463.712,fe,238463.71,0.0000
S030,intangible,salvage_action,reputation_fe,26495.973,fe,26495.97,0.0000
S031,material,precursor_logbook,relic_medium,1.000,pcs,193410.97,0.3200
S031,material,stone_codex,relic_medium,1.000,pcs,148609.64,0.2200
S031,material,sealed_tube,relic_cheap,1.000,pcs,52747.31,0.0450
S031,material,cracked_tablet,relic_cheap,1.000,pcs,62660.50,0.0350
S031,material,cipher_cassette,relic_medium,1.000,pcs,167251.97,0.1600
S031,material,machine_library,relic_expensive,1.000,pcs,226085.05,2.5000
S031,intangible,relic_action,freight_fe,120551.552,fe,120551.55,0.0000
S031,intangible,relic_action,reputation_fe,53578.462,fe,53578.46,0.0000
S032,material,courier_contract,mechanisms,121.286,crate,72771.58,0.6064
S032,material,courier_contract,munition_bundle,47.165,crate,42448.41,0.2358
S032,material,courier_contract,weapon,22.376,crate,26850.96,0.1119
S032,material,courier_contract,perfcards,12.936,crate,28458.19,0.0129
S032,intangible,courier_action,freight_fe,337073.398,fe,337073.40,0.0000
S032,intangible,courier_action,reputation_fe,442408.833,fe,442408.83,0.0000
S033,material,repair_contract,mechanisms,195.219,crate,117131.32,0.9761
S033,material,repair_contract,munition_bundle,43.776,crate,39398.58,0.2189
S033,material,repair_contract,perfcards,12.526,crate,27556.30,0.0125
S033,material,repair_contract,nobel,14.778,crate,22166.41,0.0148
S033,intangible,repair_action,freight_fe,172459.143,fe,172459.14,0.0000
S033,intangible,repair_action,reputation_fe,440728.931,fe,440728.93,0.0000
S034,material,automaton_field,automaton_coil,128.000,pcs,35840.00,1.7920
S034,material,automaton_field,automaton_optic_lens,49.000,pcs,44100.00,2.2050
S034,material,automaton_field,automaton_calibration_gear,45.000,pcs,31500.00,1.5750
S034,material,automaton_field,automaton_logic_drum,38.000,pcs,41800.00,2.0900
S034,intangible,combat_action,freight_fe,494819.127,fe,494819.13,0.0000
S034,intangible,combat_action,reputation_fe,33737.667,fe,33737.67,0.0000
S035,material,moon_salt,magnesium,1174.602,kg,46984.07,1.1746
S035,material,moon_salt,calcite,704.761,kg,28190.44,0.7048
S035,material,moon_salt,sylvine,4698.407,kg,234920.35,4.6984
S035,material,moon_salt,claudium,1174.602,kg,140952.21,1.1746
S035,material,moon_salt,gems,46.984,kg,84571.33,0.0470
S035,material,coal_slag,iron,482.927,kg,9658.54,0.4829
S035,material,coal_slag,quartz,482.927,kg,14487.81,0.4829
S035,material,coal_slag,charcoal,20282.938,kg,202829.38,20.2829
S035,intangible,mining_action,freight_fe,150970.400,fe,150970.40,0.0000
S035,intangible,mining_action,reputation_fe,21567.202,fe,21567.20,0.0000
S036,material,amber_haze,vespar,3426.885,kg,274150.79,3.4269
S036,material,amber_haze,fulgur,2284.590,kg,411226.18,2.2846
S036,material,azure_veil,ionide,768.817,kg,184516.17,0.7688
S036,material,azure_veil,aerosil,329.493,kg,6589.86,0.3295
S036,intangible,gas_action,freight_fe,147906.488,fe,147906.49,0.0000
S036,intangible,gas_action,reputation_fe,22754.848,fe,22754.85,0.0000
S037,material,armored_whale,leviathan_meat,884.185,kg,13262.78,0.8842
S037,material,armored_whale,leviathan_fat,562.663,kg,45013.06,0.5627
S037,material,armored_whale,leviathan_hide,562.663,kg,337597.98,0.5627
S037,material,armored_whale,leviathan_sinew,321.522,kg,90026.13,0.3215
S037,material,armored_whale,bone_grit,160.761,kg,4822.83,0.1608
S037,material,armored_whale,leviathan_ichor,160.761,kg,72342.42,0.1608
S037,material,armored_whale,amber,48.228,kg,120570.71,0.0482
S037,material,fat_whale_calf,leviathan_meat,148.382,kg,2225.73,0.1484
S037,material,fat_whale_calf,leviathan_fat,120.560,kg,9644.82,0.1206
S037,material,fat_whale_calf,leviathan_hide,46.369,kg,27821.60,0.0464
S037,material,fat_whale_calf,leviathan_sinew,23.185,kg,6491.71,0.0232
S037,material,fat_whale_calf,leviathan_ichor,9.274,kg,4173.24,0.0093
S037,material,fat_whale_calf,amber,4.637,kg,11592.33,0.0046
S037,intangible,hunting_action,freight_fe,170849.531,fe,170849.53,0.0000
S037,intangible,hunting_action,reputation_fe,18983.285,fe,18983.28,0.0000
S038,material,automaton_field,automaton_optic_lens,183.000,pcs,164700.00,8.2350
S038,material,automaton_field,automaton_logic_drum,87.000,pcs,95700.00,4.7850
S038,material,automaton_field,automaton_command_cylinder,108.000,pcs,140400.00,6.7500
S038,material,automaton_field,automaton_relay,772.000,pcs,154400.00,7.7200
S038,material,automaton_field,automaton_pressure_gauge,159.000,pcs,103350.00,5.1675
S038,material,automaton_field,automaton_core,42.000,pcs,100800.00,1.1550
S038,intangible,salvage_action,freight_fe,212684.519,fe,212684.52,0.0000
S038,intangible,salvage_action,reputation_fe,23631.618,fe,23631.62,0.0000
S039,material,captain_protocol,relic_expensive,1.000,pcs,815383.54,0.7000
S039,intangible,relic_action,freight_fe,98898.676,fe,98898.68,0.0000
S039,intangible,relic_action,reputation_fe,43954.972,fe,43954.97,0.0000
S040,material,courier_contract,mechanisms,136.641,crate,81984.41,0.6832
S040,material,courier_contract,munition_bundle,37.945,crate,34150.70,0.1897
S040,material,courier_contract,weapon,18.863,crate,22635.71,0.0943
S040,material,courier_contract,perfcards,12.106,crate,26633.60,0.0121
S040,intangible,courier_action,freight_fe,332677.447,fe,332677.45,0.0000
S040,intangible,courier_action,reputation_fe,436639.156,fe,436639.16,0.0000
S041,material,repair_contract,mechanisms,239.470,crate,143682.30,1.1974
S041,material,repair_contract,munition_bundle,64.867,crate,58379.99,0.3243
S041,material,repair_contract,perfcards,17.687,crate,38910.68,0.0177
S041,material,repair_contract,nobel,18.573,crate,27859.09,0.0186
S041,intangible,repair_action,freight_fe,222512.255,fe,222512.26,0.0000
S041,intangible,repair_action,reputation_fe,568642.431,fe,568642.43,0.0000
S042,material,automaton_field,automaton_optic_lens,42.000,pcs,37800.00,1.8900
S042,material,automaton_field,automaton_optic_lens,78.000,pcs,70200.00,3.5100
S042,material,automaton_field,automaton_contact_comb,282.000,pcs,67680.00,3.3840
S042,material,automaton_field,automaton_gyroscope,37.000,pcs,35150.00,1.7575
S042,material,automaton_field,automaton_servo_joint,22.000,pcs,17600.00,0.8800
S042,intangible,combat_action,freight_fe,535937.965,fe,535937.96,0.0000
S042,intangible,combat_action,reputation_fe,36541.229,fe,36541.23,0.0000
S043,material,dense_rustwort,iron,37240.832,kg,744816.64,37.2408
S043,material,dense_rustwort,charcoal,2482.722,kg,24827.22,2.4827
S043,material,dense_rustwort,calcite,4965.444,kg,198617.77,4.9654
S043,intangible,mining_action,freight_fe,192603.370,fe,192603.37,0.0000
S043,intangible,mining_action,reputation_fe,27514.764,fe,27514.76,0.0000
S044,material,courier_contract,mechanisms,58.419,crate,35051.15,0.2921
S044,material,courier_contract,munition_bundle,19.544,crate,17589.47,0.0977
S044,material,courier_contract,weapon,10.653,crate,12783.47,0.0533
S044,material,courier_contract,perfcards,4.672,crate,10279.28,0.0047
S044,intangible,courier_action,freight_fe,154310.363,fe,154310.36,0.0000
S044,intangible,courier_action,reputation_fe,202532.354,fe,202532.35,0.0000
S045,material,swiftling,leviathan_meat,1099.551,kg,16493.26,1.0996
S045,material,swiftling,leviathan_fat,565.483,kg,45238.66,0.5655
S045,material,swiftling,leviathan_hide,251.326,kg,150795.52,0.2513
S045,material,swiftling,leviathan_sinew,157.079,kg,43982.03,0.1571
S045,material,swiftling,leviathan_ichor,62.831,kg,28274.16,0.0628
S045,material,swiftling,amber,6.283,kg,15707.87,0.0063
S045,material,shellback,leviathan_meat,751.690,kg,11275.35,0.7517
S045,material,shellback,leviathan_fat,300.676,kg,24054.08,0.3007
S045,material,shellback,leviathan_hide,451.014,kg,270608.38,0.4510
S045,material,shellback,leviathan_sinew,225.507,kg,63141.96,0.2255
S045,material,shellback,bone_grit,150.338,kg,4510.14,0.1503
S045,material,shellback,leviathan_ichor,75.169,kg,33826.05,0.0752
S045,material,shellback,amber,7.517,kg,18792.25,0.0075
S045,intangible,hunting_action,freight_fe,176757.453,fe,176757.45,0.0000
S045,intangible,hunting_action,reputation_fe,19639.716,fe,19639.72,0.0000
S046,material,automaton_field,automaton_mainspring,474.000,pcs,260700.00,13.0350
S046,material,automaton_field,automaton_core,97.000,pcs,232800.00,2.6675
S046,material,automaton_field,automaton_servo_core,103.000,pcs,164800.00,6.9525
S046,intangible,salvage_action,freight_fe,177002.736,fe,177002.74,0.0000
S046,intangible,salvage_action,reputation_fe,19666.971,fe,19666.97,0.0000
S047,material,stone_codex,relic_medium,1.000,pcs,156859.15,0.2200
S047,material,brass_catalog,relic_medium,1.000,pcs,192089.14,0.3000
S047,material,stone_codex,relic_medium,1.000,pcs,148632.25,0.2200
S047,material,chronograph_cabinet,relic_valuable,1.000,pcs,242798.03,0.6500
S047,intangible,relic_action,freight_fe,105013.233,fe,105013.23,0.0000
S047,intangible,relic_action,reputation_fe,46672.546,fe,46672.55,0.0000
S048,material,courier_contract,mechanisms,100.467,crate,60280.07,0.5023
S048,material,courier_contract,munition_bundle,31.877,crate,28689.55,0.1594
S048,material,courier_contract,weapon,13.714,crate,16456.53,0.0686
S048,material,courier_contract,perfcards,7.166,crate,15764.63,0.0072
S048,intangible,courier_action,freight_fe,272794.901,fe,272794.90,0.0000
S048,intangible,courier_action,reputation_fe,358043.308,fe,358043.31,0.0000
S049,material,repair_contract,mechanisms,203.449,crate,122069.27,1.0172
S049,material,repair_contract,munition_bundle,60.761,crate,54684.98,0.3038
S049,material,repair_contract,perfcards,19.813,crate,43588.37,0.0198
S049,material,repair_contract,nobel,19.188,crate,28782.13,0.0192
S049,intangible,repair_action,freight_fe,212982.730,fe,212982.73,0.0000
S049,intangible,repair_action,reputation_fe,544289.197,fe,544289.20,0.0000
S050,material,automaton_field,automaton_logic_drum,30.000,pcs,33000.00,1.6500
S050,material,automaton_field,automaton_command_cylinder,51.000,pcs,66300.00,3.1875
S050,material,automaton_field,automaton_servo_joint,41.000,pcs,32800.00,1.6400
S050,material,automaton_field,automaton_contact_comb,90.000,pcs,21600.00,1.0800
S050,intangible,combat_action,freight_fe,392016.194,fe,392016.19,0.0000
S050,intangible,combat_action,reputation_fe,26728.380,fe,26728.38,0.0000
S051,material,automaton_field,automaton_relay,117.000,pcs,23400.00,1.1700
S051,material,automaton_field,automaton_optic_lens,45.000,pcs,40500.00,2.0250
S051,material,automaton_field,automaton_calibration_gear,41.000,pcs,28700.00,1.4350
S051,intangible,combat_action,freight_fe,263039.588,fe,263039.59,0.0000
S051,intangible,combat_action,reputation_fe,17934.515,fe,17934.52,0.0000
S052,material,moon_salt,magnesium,368.003,kg,14720.13,0.3680
S052,material,moon_salt,calcite,220.802,kg,8832.08,0.2208
S052,material,moon_salt,sylvine,1472.013,kg,73600.64,1.4720
S052,material,moon_salt,claudium,368.003,kg,44160.39,0.3680
S052,material,moon_salt,gems,14.720,kg,26496.23,0.0147
S052,material,light_tuff,magnesium,2994.070,kg,119762.80,2.9941
S052,material,light_tuff,quartz,1197.628,kg,35928.84,1.1976
S052,material,light_tuff,calcite,598.814,kg,23952.56,0.5988
S052,material,light_tuff,gems,14.970,kg,26946.63,0.0150
S052,material,needle_chalk,magnesium,1223.866,kg,48954.64,1.2239
S052,material,needle_chalk,quartz,2447.732,kg,73431.96,2.4477
S052,material,needle_chalk,calcite,367.160,kg,14686.39,0.3672
S052,material,needle_chalk,gems,12.239,kg,22029.59,0.0122
S052,material,light_tuff,magnesium,2611.648,kg,104465.91,2.6116
S052,material,light_tuff,quartz,1044.659,kg,31339.77,1.0447
S052,material,light_tuff,calcite,522.330,kg,20893.18,0.5223
S052,material,light_tuff,gems,13.058,kg,23504.83,0.0131
S052,intangible,mining_action,freight_fe,134805.332,fe,134805.33,0.0000
S052,intangible,mining_action,reputation_fe,19257.902,fe,19257.90,0.0000
S053,material,green_bloom,aerosil,4244.149,kg,84882.98,4.2441
S053,material,green_bloom,ionide,3472.486,kg,833396.54,3.4725
S053,material,amber_haze,vespar,1494.580,kg,119566.42,1.4946
S053,material,amber_haze,fulgur,996.387,kg,179349.62,0.9964
S053,intangible,gas_action,freight_fe,205849.723,fe,205849.72,0.0000
S053,intangible,gas_action,reputation_fe,31669.191,fe,31669.19,0.0000
S054,material,reef_cutter,leviathan_meat,2036.148,kg,30542.22,2.0361
S054,material,reef_cutter,leviathan_fat,848.395,kg,67871.60,0.8484
S054,material,reef_cutter,leviathan_hide,1018.074,kg,610844.36,1.0181
S054,material,reef_cutter,leviathan_sinew,1018.074,kg,285060.70,1.0181
S054,material,reef_cutter,bone_grit,254.518,kg,7635.55,0.2545
S054,material,reef_cutter,acid,339.358,kg,61084.44,0.3394
S054,material,reef_cutter,leviathan_ichor,254.518,kg,114533.32,0.2545
S054,material,reef_cutter,amber,33.936,kg,84839.50,0.0339
S054,material,acid_spitter,leviathan_meat,302.060,kg,4530.90,0.3021
S054,material,acid_spitter,leviathan_fat,109.840,kg,8787.19,0.1098
S054,material,acid_spitter,leviathan_hide,109.840,kg,65903.96,0.1098
S054,material,acid_spitter,acid,192.220,kg,34599.58,0.1922
S054,material,acid_spitter,leviathan_ichor,68.650,kg,30892.48,0.0686
S054,material,acid_spitter,amber,5.492,kg,13729.99,0.0055
S054,intangible,hunting_action,freight_fe,377901.418,fe,377901.42,0.0000
S054,intangible,hunting_action,reputation_fe,41989.052,fe,41989.05,0.0000
S055,material,automaton_field,automaton_pressure_gauge,132.000,pcs,85800.00,4.2900
S055,material,automaton_field,automaton_servo_core,114.000,pcs,182400.00,7.6950
S055,material,automaton_field,automaton_brass_valve,371.000,pcs,140980.00,7.0490
S055,material,automaton_field,automaton_optic_lens,206.000,pcs,185400.00,9.2700
S055,material,automaton_field,automaton_optic_lens,130.000,pcs,117000.00,5.8500
S055,intangible,salvage_action,freight_fe,203048.230,fe,203048.23,0.0000
S055,intangible,salvage_action,reputation_fe,22560.919,fe,22560.92,0.0000
S056,material,precursor_logbook,relic_medium,1.000,pcs,194953.12,0.3200
S056,material,stone_codex,relic_medium,1.000,pcs,161395.04,0.2200
S056,material,archive_suitcase,relic_medium,1.000,pcs,155086.38,0.1800
S056,material,archive_suitcase,relic_medium,1.000,pcs,173899.39,0.1800
S056,material,brass_catalog,relic_medium,1.000,pcs,167061.84,0.3000
S056,material,captain_protocol,relic_expensive,1.000,pcs,213626.70,0.7000
S056,intangible,relic_action,freight_fe,138144.739,fe,138144.74,0.0000
S056,intangible,relic_action,reputation_fe,61397.666,fe,61397.67,0.0000
S057,material,courier_contract,mechanisms,163.787,crate,98271.92,0.8189
S057,material,courier_contract,munition_bundle,70.915,crate,63823.45,0.3546
S057,material,courier_contract,weapon,30.078,crate,36093.70,0.1504
S057,material,courier_contract,perfcards,14.412,crate,31707.09,0.0144
S057,intangible,courier_action,freight_fe,446819.808,fe,446819.81,0.0000
S057,intangible,courier_action,reputation_fe,586450.996,fe,586451.00,0.0000
S058,material,repair_contract,mechanisms,573.658,crate,344194.69,2.8683
S058,material,repair_contract,munition_bundle,112.957,crate,101661.55,0.5648
S058,material,repair_contract,perfcards,36.085,crate,79387.41,0.0361
S058,material,repair_contract,nobel,31.081,crate,46622.22,0.0311
S058,intangible,repair_action,freight_fe,405568.587,fe,405568.59,0.0000
S058,intangible,repair_action,reputation_fe,1036453.050,fe,1036453.05,0.0000
S059,material,automaton_field,automaton_contact_comb,156.000,pcs,37440.00,1.8720
S059,material,automaton_field,automaton_command_cylinder,27.000,pcs,35100.00,1.6875
S059,material,automaton_field,automaton_brass_valve,149.000,pcs,56620.00,2.8310
S059,material,automaton_field,automaton_logic_drum,52.000,pcs,57200.00,2.8600
S059,material,automaton_field,automaton_calibration_gear,143.000,pcs,100100.00,5.0050
S059,material,automaton_field,automaton_pressure_gauge,101.000,pcs,65650.00,3.2825
S059,material,automaton_field,automaton_logic_drum,18.000,pcs,19800.00,0.9900
S059,intangible,combat_action,freight_fe,937358.326,fe,937358.33,0.0000
S059,intangible,combat_action,reputation_fe,63910.790,fe,63910.79,0.0000
S060,material,needle_chalk,magnesium,1467.995,kg,58719.82,1.4680
S060,material,needle_chalk,quartz,2935.991,kg,88079.73,2.9360
S060,material,needle_chalk,calcite,440.399,kg,17615.95,0.4404
S060,material,needle_chalk,gems,14.680,kg,26423.92,0.0147
S060,material,coal_slag,iron,570.960,kg,11419.21,0.5710
S060,material,coal_slag,quartz,570.960,kg,17128.81,0.5710
S060,material,coal_slag,charcoal,23980.331,kg,239803.31,23.9803
S060,material,light_tuff,magnesium,3052.590,kg,122103.59,3.0526
S060,material,light_tuff,quartz,1221.036,kg,36631.08,1.2210
S060,material,light_tuff,calcite,610.518,kg,24420.72,0.6105
S060,material,light_tuff,gems,15.263,kg,27473.31,0.0153
S060,material,rustwort,iron,4270.945,kg,85418.90,4.2709
S060,material,rustwort,quartz,949.099,kg,28472.97,0.9491
S060,material,rustwort,calcite,711.824,kg,28472.97,0.7118
S060,intangible,mining_action,freight_fe,132074.072,fe,132074.07,0.0000
S060,intangible,mining_action,reputation_fe,18867.721,fe,18867.72,0.0000
S061,material,ion_fog,ionide,1594.181,kg,382603.34,1.5942
S061,material,dry_mist,aerosil,19004.889,kg,380097.78,19.0049
S061,material,crystal_mist,ionide,827.565,kg,198615.69,0.8276
S061,material,crystal_mist,nulgas,354.671,kg,212802.52,0.3547
S061,intangible,gas_action,freight_fe,180022.788,fe,180022.79,0.0000
S061,intangible,gas_action,reputation_fe,27695.814,fe,27695.81,0.0000
S062,material,fat_whale_calf,leviathan_meat,2531.929,kg,37978.94,2.5319
S062,material,fat_whale_calf,leviathan_fat,2057.193,kg,164575.41,2.0572
S062,material,fat_whale_calf,leviathan_hide,791.228,kg,474736.77,0.7912
S062,material,fat_whale_calf,leviathan_sinew,395.614,kg,110771.91,0.3956
S062,material,fat_whale_calf,leviathan_ichor,158.246,kg,71210.51,0.1582
S062,material,fat_whale_calf,amber,79.123,kg,197806.99,0.0791
S062,material,shellback,leviathan_meat,269.697,kg,4045.46,0.2697
S062,material,shellback,leviathan_fat,107.879,kg,8630.31,0.1079
S062,material,shellback,leviathan_hide,161.818,kg,97091.00,0.1618
S062,material,shellback,leviathan_sinew,80.909,kg,22654.57,0.0809
S062,material,shellback,bone_grit,53.939,kg,1618.18,0.0539
S062,material,shellback,leviathan_ichor,26.970,kg,12136.38,0.0270
S062,material,shellback,amber,2.697,kg,6742.43,0.0027
S062,intangible,hunting_action,freight_fe,285503.221,fe,285503.22,0.0000
S062,intangible,hunting_action,reputation_fe,31722.579,fe,31722.58,0.0000
S063,material,automaton_field,automaton_command_cylinder,70.000,pcs,91000.00,4.3750
S063,material,automaton_field,automaton_optic_lens,137.000,pcs,123300.00,6.1650
S063,material,automaton_field,automaton_servo_core,86.000,pcs,137600.00,5.8050
S063,material,automaton_field,automaton_brass_valve,256.000,pcs,97280.00,4.8640
S063,material,automaton_field,automaton_gyroscope,38.000,pcs,36100.00,1.8050
S063,intangible,salvage_action,freight_fe,112976.130,fe,112976.13,0.0000
S063,intangible,salvage_action,reputation_fe,12552.900,fe,12552.90,0.0000
S064,material,archive_suitcase,relic_medium,1.000,pcs,172439.88,0.1800
S064,material,ore_case,relic_cheap,1.000,pcs,64346.56,0.0800
S064,material,chronograph_cabinet,relic_valuable,1.000,pcs,543282.43,0.6500
S064,material,machine_library,relic_expensive,1.000,pcs,760565.64,2.5000
S064,intangible,relic_action,freight_fe,205471.406,fe,205471.41,0.0000
S064,intangible,relic_action,reputation_fe,91320.625,fe,91320.63,0.0000
S065,material,courier_contract,mechanisms,108.902,crate,65341.01,0.5445
S065,material,courier_contract,munition_bundle,40.078,crate,36069.88,0.2004
S065,material,courier_contract,weapon,16.942,crate,20330.79,0.0847
S065,material,courier_contract,perfcards,9.373,crate,20620.88,0.0094
S065,intangible,courier_action,freight_fe,276694.814,fe,276694.81,0.0000
S065,intangible,courier_action,reputation_fe,363161.935,fe,363161.94,0.0000
S066,material,repair_contract,mechanisms,443.191,crate,265914.57,2.2160
S066,material,repair_contract,munition_bundle,97.596,crate,87836.61,0.4880
S066,material,repair_contract,perfcards,33.190,crate,73016.98,0.0332
S066,material,repair_contract,nobel,36.955,crate,55432.13,0.0370
S066,intangible,repair_action,freight_fe,378018.240,fe,378018.24,0.0000
S066,intangible,repair_action,reputation_fe,966046.620,fe,966046.62,0.0000
S067,material,automaton_field,automaton_command_cylinder,53.000,pcs,68900.00,3.3125
S067,material,automaton_field,automaton_relay,229.000,pcs,45800.00,2.2900
S067,material,automaton_field,automaton_logic_drum,55.000,pcs,60500.00,3.0250
S067,material,automaton_field,automaton_coil,112.000,pcs,31360.00,1.5680
S067,material,automaton_field,automaton_coil,236.000,pcs,66080.00,3.3040
S067,intangible,combat_action,freight_fe,782175.638,fe,782175.64,0.0000
S067,intangible,combat_action,reputation_fe,53330.153,fe,53330.15,0.0000
S068,material,medyanka,copper,10495.457,kg,314863.72,10.4955
S068,material,medyanka,magnesium,874.621,kg,34984.86,0.8746
S068,material,medyanka,quartz,2186.554,kg,65596.61,2.1866
S068,material,medyanka,gems,43.731,kg,78715.93,0.0437
S068,material,murky_monazite,quartz,2603.310,kg,78099.30,2.6033
S068,material,murky_monazite,calcite,325.414,kg,13016.55,0.3254
S068,material,murky_monazite,claudium,976.241,kg,117148.95,0.9762
S068,material,murky_monazite,monazite,244.060,kg,109827.14,0.2441
S068,material,murky_monazite,gems,162.707,kg,292872.38,0.1627
S068,material,coal_slag,iron,1447.071,kg,28941.43,1.4471
S068,material,coal_slag,quartz,1447.071,kg,43412.14,1.4471
S068,material,coal_slag,charcoal,60776.993,kg,607769.93,60.7770
S068,material,dense_rustwort,iron,7804.419,kg,156088.38,7.8044
S068,material,dense_rustwort,charcoal,520.295,kg,5202.95,0.5203
S068,material,dense_rustwort,calcite,1040.589,kg,41623.57,1.0406
S068,intangible,mining_action,freight_fe,349386.414,fe,349386.41,0.0000
S068,intangible,mining_action,reputation_fe,49912.342,fe,49912.34,0.0000
S069,material,courier_contract,mechanisms,2.595,crate,1557.09,0.0130
S069,material,courier_contract,munition_bundle,0.926,crate,833.16,0.0046
S069,material,courier_contract,weapon,0.471,crate,564.60,0.0024
S069,material,courier_contract,perfcards,0.242,crate,533.33,0.0002
S069,intangible,courier_action,freight_fe,7827.832,fe,7827.83,0.0000
S069,intangible,courier_action,reputation_fe,10274.030,fe,10274.03,0.0000
S070,material,sail_ray,leviathan_meat,1643.351,kg,24650.26,1.6434
S070,material,sail_ray,leviathan_fat,766.897,kg,61351.76,0.7669
S070,material,sail_ray,leviathan_hide,986.010,kg,591606.22,0.9860
S070,material,sail_ray,leviathan_sinew,383.448,kg,107365.57,0.3834
S070,material,sail_ray,leviathan_ichor,164.335,kg,73950.78,0.1643
S070,material,sail_ray,amber,16.434,kg,41083.77,0.0164
S070,material,armored_whale,leviathan_meat,186.204,kg,2793.06,0.1862
S070,material,armored_whale,leviathan_fat,118.493,kg,9479.46,0.1185
S070,material,armored_whale,leviathan_hide,118.493,kg,71095.96,0.1185
S070,material,armored_whale,leviathan_sinew,67.710,kg,18958.92,0.0677
S070,material,armored_whale,bone_grit,33.855,kg,1015.66,0.0339
S070,material,armored_whale,leviathan_ichor,33.855,kg,15234.85,0.0339
S070,material,armored_whale,amber,10.157,kg,25391.41,0.0102
S070,intangible,hunting_action,freight_fe,236427.263,fe,236427.26,0.0000
S070,intangible,hunting_action,reputation_fe,26269.701,fe,26269.70,0.0000
S071,material,automaton_field,automaton_calibration_gear,589.000,pcs,412300.00,20.6150
S071,material,automaton_field,automaton_command_cylinder,298.000,pcs,387400.00,18.6250
S071,material,automaton_field,automaton_gyroscope,528.000,pcs,501600.00,25.0800
S071,material,automaton_field,automaton_pressure_gauge,102.000,pcs,66300.00,3.3150
S071,intangible,salvage_action,freight_fe,311411.738,fe,311411.74,0.0000
S071,intangible,salvage_action,reputation_fe,34601.302,fe,34601.30,0.0000
S072,material,brass_catalog,relic_medium,1.000,pcs,200313.20,0.3000
S072,material,library_slab,relic_valuable,1.000,pcs,499919.57,0.9000
S072,material,library_slab,relic_valuable,1.000,pcs,401134.31,0.9000
S072,intangible,relic_action,freight_fe,135787.217,fe,135787.22,0.0000
S072,intangible,relic_action,reputation_fe,60349.871,fe,60349.87,0.0000
S073,material,courier_contract,mechanisms,73.089,crate,43853.36,0.3654
S073,material,courier_contract,munition_bundle,24.569,crate,22112.36,0.1228
S073,material,courier_contract,weapon,12.902,crate,15482.00,0.0645
S073,material,courier_contract,perfcards,6.830,crate,15024.96,0.0068
S073,intangible,courier_action,freight_fe,246441.067,fe,246441.07,0.0000
S073,intangible,courier_action,reputation_fe,323453.900,fe,323453.90,0.0000
S074,material,repair_contract,mechanisms,263.920,crate,158351.91,1.3196
S074,material,repair_contract,munition_bundle,59.474,crate,53526.71,0.2974
S074,material,repair_contract,perfcards,20.466,crate,45024.66,0.0205
S074,material,repair_contract,nobel,21.581,crate,32371.54,0.0216
S074,intangible,repair_action,freight_fe,266227.114,fe,266227.11,0.0000
S074,intangible,repair_action,reputation_fe,680358.177,fe,680358.18,0.0000
S075,material,automaton_field,automaton_calibration_gear,89.000,pcs,62300.00,3.1150
S075,material,automaton_field,automaton_mainspring,134.000,pcs,73700.00,3.6850
S075,material,automaton_field,automaton_pressure_gauge,135.000,pcs,87750.00,4.3875
S075,material,automaton_field,automaton_coil,347.000,pcs,97160.00,4.8580
S075,intangible,combat_action,freight_fe,789840.660,fe,789840.66,0.0000
S075,intangible,combat_action,reputation_fe,53852.774,fe,53852.77,0.0000
S076,material,automaton_field,automaton_pressure_gauge,22.000,pcs,14300.00,0.7150
S076,material,automaton_field,automaton_coil,81.000,pcs,22680.00,1.1340
S076,material,automaton_field,automaton_servo_joint,31.000,pcs,24800.00,1.2400
S076,material,automaton_field,automaton_core,4.000,pcs,9600.00,0.1100
S076,material,automaton_field,automaton_logic_drum,11.000,pcs,12100.00,0.6050
S076,material,automaton_field,automaton_contact_comb,47.000,pcs,11280.00,0.5640
S076,intangible,combat_action,freight_fe,243990.873,fe,243990.87,0.0000
S076,intangible,combat_action,reputation_fe,16635.738,fe,16635.74,0.0000
S077,material,bluevein,copper,3689.476,kg,110684.27,3.6895
S077,material,bluevein,quartz,3228.291,kg,96848.73,3.2283
S077,material,bluevein,claudium,461.184,kg,55342.13,0.4612
S077,material,bluevein,gems,46.118,kg,83013.20,0.0461
S077,material,light_tuff,magnesium,3185.175,kg,127407.02,3.1852
S077,material,light_tuff,quartz,1274.070,kg,38222.10,1.2741
S077,material,light_tuff,calcite,637.035,kg,25481.40,0.6370
S077,material,light_tuff,gems,15.926,kg,28666.58,0.0159
S077,material,needle_chalk,magnesium,982.263,kg,39290.52,0.9823
S077,material,needle_chalk,quartz,1964.526,kg,58935.79,1.9645
S077,material,needle_chalk,calcite,294.679,kg,11787.16,0.2947
S077,material,needle_chalk,gems,9.823,kg,17680.74,0.0098
S077,intangible,mining_action,freight_fe,132231.073,fe,132231.07,0.0000
S077,intangible,mining_action,reputation_fe,18890.156,fe,18890.16,0.0000
S078,material,azure_veil,ionide,1719.197,kg,412607.18,1.7192
S078,material,azure_veil,aerosil,736.799,kg,14735.97,0.7368
S078,material,green_bloom,aerosil,1521.123,kg,30422.45,1.5211
S078,material,green_bloom,ionide,1244.555,kg,298693.19,1.2446
S078,material,thermal_breath,fulgur,1497.940,kg,269629.24,1.4979
S078,material,thermal_breath,aerosil,374.485,kg,7489.70,0.3745
S078,intangible,gas_action,freight_fe,190118.451,fe,190118.45,0.0000
S078,intangible,gas_action,reputation_fe,29248.992,fe,29248.99,0.0000
S079,material,acid_spitter,leviathan_meat,1898.245,kg,28473.67,1.8982
S079,material,acid_spitter,leviathan_fat,690.271,kg,55221.67,0.6903
S079,material,acid_spitter,leviathan_hide,690.271,kg,414162.52,0.6903
S079,material,acid_spitter,acid,1207.974,kg,217435.32,1.2080
S079,material,acid_spitter,leviathan_ichor,431.419,kg,194138.68,0.4314
S079,material,acid_spitter,amber,34.514,kg,86283.86,0.0345
S079,intangible,hunting_action,freight_fe,229054.677,fe,229054.68,0.0000
S079,intangible,hunting_action,reputation_fe,25450.518,fe,25450.52,0.0000
S080,material,automaton_field,automaton_pressure_gauge,403.000,pcs,261950.00,13.0975
S080,material,automaton_field,automaton_core,143.000,pcs,343200.00,3.9325
S080,material,automaton_field,automaton_optic_lens,273.000,pcs,245700.00,12.2850
S080,material,automaton_field,automaton_core,192.000,pcs,460800.00,5.2800
S080,material,automaton_field,automaton_core,108.000,pcs,259200.00,2.9700
S080,material,automaton_field,automaton_mainspring,875.000,pcs,481250.00,24.0625
S080,material,automaton_field,automaton_optic_lens,363.000,pcs,326700.00,16.3350
S080,intangible,salvage_action,freight_fe,576437.202,fe,576437.20,0.0000
S080,intangible,salvage_action,reputation_fe,64048.572,fe,64048.57,0.0000
S081,material,chronograph_cabinet,relic_valuable,1.000,pcs,467353.80,0.6500
S081,material,counting_plank,relic_medium,1.000,pcs,189673.47,0.0900
S081,material,library_slab,relic_valuable,1.000,pcs,552715.74,0.9000
S081,intangible,relic_action,freight_fe,155157.881,fe,155157.88,0.0000
S081,intangible,relic_action,reputation_fe,68959.062,fe,68959.06,0.0000
S082,material,courier_contract,mechanisms,194.448,crate,116668.59,0.9722
S082,material,courier_contract,munition_bundle,82.792,crate,74513.19,0.4140
S082,material,courier_contract,weapon,31.050,crate,37259.43,0.1552
S082,material,courier_contract,perfcards,19.793,crate,43543.72,0.0198
S082,intangible,courier_action,freight_fe,721117.245,fe,721117.24,0.0000
S082,intangible,courier_action,reputation_fe,946466.376,fe,946466.38,0.0000
S083,material,repair_contract,mechanisms,652.749,crate,391649.11,3.2637
S083,material,repair_contract,munition_bundle,123.794,crate,111414.44,0.6190
S083,material,repair_contract,perfcards,36.101,crate,79421.63,0.0361
S083,material,repair_contract,nobel,44.087,crate,66129.94,0.0441
S083,intangible,repair_action,freight_fe,440047.210,fe,440047.21,0.0000
S083,intangible,repair_action,reputation_fe,1124565.093,fe,1124565.09,0.0000
S084,material,automaton_field,automaton_coil,624.000,pcs,174720.00,8.7360
S084,material,automaton_field,automaton_coil,508.000,pcs,142240.00,7.1120
S084,material,automaton_field,automaton_mainspring,204.000,pcs,112200.00,5.6100
S084,intangible,combat_action,freight_fe,1142898.710,fe,1142898.71,0.0000
S084,intangible,combat_action,reputation_fe,77924.907,fe,77924.91,0.0000
S085,material,salty_chalk,quartz,89.795,kg,2693.86,0.0898
S085,material,salty_chalk,calcite,808.159,kg,32326.35,0.8082
S085,material,salty_chalk,sylvine,628.568,kg,31428.39,0.6286
S085,material,salty_chalk,gems,4.490,kg,8081.59,0.0045
S085,material,light_tuff,magnesium,1245.899,kg,49835.95,1.2459
S085,material,light_tuff,quartz,498.360,kg,14950.79,0.4984
S085,material,light_tuff,calcite,249.180,kg,9967.19,0.2492
S085,material,light_tuff,gems,6.229,kg,11213.09,0.0062
S085,material,copper_dust,iron,150.409,kg,3008.18,0.1504
S085,material,copper_dust,copper,1804.909,kg,54147.26,1.8049
S085,material,copper_dust,quartz,1203.273,kg,36098.18,1.2033
S085,material,needle_chalk,magnesium,520.935,kg,20837.40,0.5209
S085,material,needle_chalk,quartz,1041.870,kg,31256.09,1.0419
S085,material,needle_chalk,calcite,156.280,kg,6251.22,0.1563
S085,material,needle_chalk,gems,5.209,kg,9376.83,0.0052
S085,material,bluevein,copper,847.818,kg,25434.55,0.8478
S085,material,bluevein,quartz,741.841,kg,22255.23,0.7418
S085,material,bluevein,claudium,105.977,kg,12717.27,0.1060
S085,material,bluevein,gems,10.598,kg,19075.91,0.0106
S085,intangible,mining_action,freight_fe,73059.899,fe,73059.90,0.0000
S085,intangible,mining_action,reputation_fe,10437.126,fe,10437.13,0.0000
S086,material,ion_fog,ionide,1501.798,kg,360431.48,1.5018
S086,material,green_bloom,aerosil,1395.705,kg,27914.11,1.3957
S086,material,green_bloom,ionide,1141.941,kg,274065.76,1.1419
S086,intangible,gas_action,freight_fe,111201.994,fe,111201.99,0.0000
S086,intangible,gas_action,reputation_fe,17107.997,fe,17108.00,0.0000
S087,material,acid_spitter,leviathan_meat,2774.767,kg,41621.51,2.7748
S087,material,acid_spitter,leviathan_fat,1009.006,kg,80720.51,1.0090
S087,material,acid_spitter,leviathan_hide,1009.006,kg,605403.81,1.0090
S087,material,acid_spitter,acid,1765.761,kg,317837.00,1.7658
S087,material,acid_spitter,leviathan_ichor,630.629,kg,283783.04,0.6306
S087,material,acid_spitter,amber,50.450,kg,126125.79,0.0505
S087,material,armored_whale,leviathan_meat,131.642,kg,1974.64,0.1316
S087,material,armored_whale,leviathan_fat,83.772,kg,6701.80,0.0838
S087,material,armored_whale,leviathan_hide,83.772,kg,50263.48,0.0838
S087,material,armored_whale,leviathan_sinew,47.870,kg,13403.60,0.0479
S087,material,armored_whale,bone_grit,23.935,kg,718.05,0.0239
S087,material,armored_whale,leviathan_ichor,23.935,kg,10770.75,0.0239
S087,material,armored_whale,amber,7.180,kg,17951.24,0.0072
S087,intangible,hunting_action,freight_fe,379345.063,fe,379345.06,0.0000
S087,intangible,hunting_action,reputation_fe,42149.453,fe,42149.45,0.0000
S088,material,automaton_field,automaton_calibration_gear,228.000,pcs,159600.00,7.9800
S088,material,automaton_field,automaton_pressure_gauge,264.000,pcs,171600.00,8.5800
S088,material,automaton_field,automaton_coil,606.000,pcs,169680.00,8.4840
S088,material,automaton_field,automaton_core,108.000,pcs,259200.00,2.9700
S088,material,automaton_field,automaton_core,61.000,pcs,146400.00,1.6775
S088,material,automaton_field,automaton_relay,1591.000,pcs,318200.00,15.9100
S088,material,automaton_field,automaton_optic_lens,309.000,pcs,278100.00,13.9050
S088,intangible,salvage_action,freight_fe,410751.287,fe,410751.29,0.0000
S088,intangible,salvage_action,reputation_fe,45639.035,fe,45639.04,0.0000
S089,material,library_slab,relic_valuable,1.000,pcs,572576.51,0.9000
S089,material,cipher_cassette,relic_medium,1.000,pcs,167137.66,0.1600
S089,material,captain_protocol,relic_expensive,1.000,pcs,830000.09,0.7000
S089,material,captain_protocol,relic_expensive,1.000,pcs,126177.47,0.7000
S089,intangible,relic_action,freight_fe,218675.939,fe,218675.94,0.0000
S089,intangible,relic_action,reputation_fe,97189.305,fe,97189.31,0.0000
S090,material,courier_contract,mechanisms,117.771,crate,70662.39,0.5889
S090,material,courier_contract,munition_bundle,38.737,crate,34863.00,0.1937
S090,material,courier_contract,weapon,18.781,crate,22537.64,0.0939
S090,material,courier_contract,perfcards,10.399,crate,22878.66,0.0104
S090,intangible,courier_action,freight_fe,302618.662,fe,302618.66,0.0000
S090,intangible,courier_action,reputation_fe,397186.994,fe,397186.99,0.0000
S091,material,repair_contract,mechanisms,366.344,crate,219806.35,1.8317
S091,material,repair_contract,munition_bundle,104.901,crate,94410.58,0.5245
S091,material,repair_contract,perfcards,33.985,crate,74767.34,0.0340
S091,material,repair_contract,nobel,29.328,crate,43992.55,0.0293
S091,intangible,repair_action,freight_fe,360916.470,fe,360916.47,0.0000
S091,intangible,repair_action,reputation_fe,922342.090,fe,922342.09,0.0000
S092,material,automaton_field,automaton_pressure_gauge,97.000,pcs,63050.00,3.1525
S092,material,automaton_field,automaton_pressure_gauge,80.000,pcs,52000.00,2.6000
S092,material,automaton_field,automaton_gyroscope,120.000,pcs,114000.00,5.7000
S092,material,automaton_field,automaton_mainspring,104.000,pcs,57200.00,2.8600
S092,intangible,combat_action,freight_fe,790731.289,fe,790731.29,0.0000
S092,intangible,combat_action,reputation_fe,53913.495,fe,53913.49,0.0000
S093,material,salty_chalk,quartz,788.870,kg,23666.09,0.7889
S093,material,salty_chalk,calcite,7099.828,kg,283993.14,7.0998
S093,material,salty_chalk,sylvine,5522.089,kg,276104.44,5.5221
S093,material,salty_chalk,gems,39.443,kg,70998.28,0.0394
S093,material,royal_vein,copper,1274.702,kg,38241.05,1.2747
S093,material,royal_vein,quartz,203.952,kg,6118.57,0.2040
S093,material,royal_vein,claudium,101.976,kg,12237.13,0.1020
S093,material,royal_vein,monazite,101.976,kg,45889.26,0.1020
S093,material,royal_vein,gems,254.940,kg,458892.56,0.2549
S093,material,green_vein,copper,4334.217,kg,130026.52,4.3342
S093,material,green_vein,magnesium,2786.283,kg,111451.31,2.7863
S093,material,green_vein,quartz,619.174,kg,18575.22,0.6192
S093,material,green_vein,sylvine,1238.348,kg,61917.39,1.2383
S093,material,green_vein,gems,92.876,kg,167176.96,0.0929
S093,material,copper_dust,iron,709.561,kg,14191.21,0.7096
S093,material,copper_dust,copper,8514.727,kg,255441.80,8.5147
S093,material,copper_dust,quartz,5676.484,kg,170294.53,5.6765
S093,intangible,mining_action,freight_fe,406818.618,fe,406818.62,0.0000
S093,intangible,mining_action,reputation_fe,58116.943,fe,58116.94,0.0000
S094,material,automaton_field,automaton_contact_comb,69.000,pcs,16560.00,0.8280
S094,material,automaton_field,automaton_pressure_gauge,17.000,pcs,11050.00,0.5525
S094,material,automaton_field,automaton_coil,61.000,pcs,17080.00,0.8540
S094,material,automaton_field,automaton_relay,69.000,pcs,13800.00,0.6900
S094,material,automaton_field,automaton_contact_comb,31.000,pcs,7440.00,0.3720
S094,material,automaton_field,automaton_gyroscope,13.000,pcs,12350.00,0.6175
S094,intangible,combat_action,freight_fe,215832.287,fe,215832.29,0.0000
S094,intangible,combat_action,reputation_fe,14715.842,fe,14715.84,0.0000
S095,material,fat_whale_calf,leviathan_meat,1375.872,kg,20638.08,1.3759
S095,material,fat_whale_calf,leviathan_fat,1117.896,kg,89431.66,1.1179
S095,material,fat_whale_calf,leviathan_hide,429.960,kg,257975.95,0.4300
S095,material,fat_whale_calf,leviathan_sinew,214.980,kg,60194.39,0.2150
S095,material,fat_whale_calf,leviathan_ichor,85.992,kg,38696.39,0.0860
S095,material,fat_whale_calf,amber,42.996,kg,107489.98,0.0430
S095,material,storm_bull,leviathan_meat,110.423,kg,1656.34,0.1104
S095,material,storm_bull,leviathan_fat,76.447,kg,6115.73,0.0764
S095,material,storm_bull,leviathan_hide,50.964,kg,30578.63,0.0510
S095,material,storm_bull,leviathan_sinew,50.964,kg,14270.03,0.0510
S095,material,storm_bull,leviathan_ichor,21.235,kg,9555.82,0.0212
S095,material,storm_bull,amber,6.371,kg,15926.37,0.0064
S095,intangible,hunting_action,freight_fe,167943.052,fe,167943.05,0.0000
S095,intangible,hunting_action,reputation_fe,18660.341,fe,18660.34,0.0000
S096,material,automaton_field,automaton_servo_joint,4.000,pcs,3200.00,0.1600
S096,material,automaton_field,automaton_relay,18.000,pcs,3600.00,0.1800
S096,material,automaton_field,automaton_pressure_gauge,6.000,pcs,3900.00,0.1950
S096,material,automaton_field,automaton_pressure_gauge,5.000,pcs,3250.00,0.1625
S096,material,automaton_field,automaton_relay,19.000,pcs,3800.00,0.1900
S096,material,automaton_field,automaton_calibration_gear,5.000,pcs,3500.00,0.1750
S096,material,automaton_field,automaton_calibration_gear,4.000,pcs,2800.00,0.1400
S096,material,automaton_field,automaton_contact_comb,27.000,pcs,6480.00,0.3240
S096,material,automaton_field,automaton_servo_joint,1.000,pcs,800.00,0.0400
S096,intangible,salvage_action,freight_fe,7954.492,fe,7954.49,0.0000
S096,intangible,salvage_action,reputation_fe,883.827,fe,883.83,0.0000
S097,material,library_slab,relic_valuable,1.000,pcs,597041.91,0.9000
S097,material,counting_plank,relic_medium,1.000,pcs,201397.25,0.0900
S097,material,captain_protocol,relic_expensive,1.000,pcs,554287.50,0.7000
S097,intangible,relic_action,freight_fe,198623.438,fe,198623.44,0.0000
S097,intangible,relic_action,reputation_fe,88277.083,fe,88277.08,0.0000
S098,material,courier_contract,mechanisms,152.053,crate,91232.02,0.7603
S098,material,courier_contract,munition_bundle,45.635,crate,41071.43,0.2282
S098,material,courier_contract,weapon,23.596,crate,28314.88,0.1180
S098,material,courier_contract,perfcards,13.086,crate,28788.99,0.0131
S098,intangible,courier_action,freight_fe,372844.654,fe,372844.65,0.0000
S098,intangible,courier_action,reputation_fe,489358.599,fe,489358.60,0.0000
S099,material,repair_contract,mechanisms,461.979,crate,277187.34,2.3099
S099,material,repair_contract,munition_bundle,149.812,crate,134831.06,0.7491
S099,material,repair_contract,perfcards,34.234,crate,75315.46,0.0342
S099,material,repair_contract,nobel,45.074,crate,67610.59,0.0451
S099,intangible,repair_action,freight_fe,505019.251,fe,505019.25,0.0000
S099,intangible,repair_action,reputation_fe,1290604.768,fe,1290604.77,0.0000
S100,material,automaton_field,automaton_brass_valve,230.000,pcs,87400.00,4.3700
S100,material,automaton_field,automaton_mainspring,108.000,pcs,59400.00,2.9700
S100,material,automaton_field,automaton_coil,122.000,pcs,34160.00,1.7080
S100,material,automaton_field,automaton_core,28.000,pcs,67200.00,0.7700
S100,material,automaton_field,automaton_contact_comb,362.000,pcs,86880.00,4.3440
S100,material,automaton_field,automaton_core,31.000,pcs,74400.00,0.8525
S100,intangible,combat_action,freight_fe,975039.162,fe,975039.16,0.0000
S100,intangible,combat_action,reputation_fe,66479.943,fe,66479.94,0.0000
